"","Estimate","Std. Error"
"mean_rec_pars",9.22973174684172,0.207412023162153
"logit_q",-7.66586758417465,0.0724054777901976
"logit_q",-8.33162029260121,0.0478763474311182
"log_F1",-0.301036559681346,0.103780940013066
"F_devs",0.928522941558507,0.134069406629163
"F_devs",-0.000477347899521415,0.127416772924917
"F_devs",-0.633364629267504,0.140635359074009
"F_devs",0.354599225572496,0.156724090080549
"F_devs",0.000749838495387012,0.148148362849873
"F_devs",-0.118686933727903,0.13952459352407
"F_devs",-0.313542418526749,0.135736910049724
"F_devs",-0.363849243940812,0.140327284082312
"F_devs",0.374798445018338,0.151077942480175
"F_devs",0.406243215584519,0.141315284129483
"F_devs",0.334565841501145,0.123154023408705
"F_devs",-0.0926085078459453,0.123542309233618
"F_devs",-0.0268561987130154,0.129754210602457
"F_devs",-0.154749253462413,0.132362492935647
"F_devs",-0.578191237766442,0.140607170431932
"F_devs",0.0729322405300576,0.147238797690233
"F_devs",0.572824446852406,0.130784067240986
"F_devs",-0.130628507062937,0.110046137664791
"F_devs",-0.280061747809581,0.113695996207777
"F_devs",-0.548579887076961,0.123770943122932
"F_devs",0.373775196143798,0.137721339914068
"F_devs",-0.91989840275621,0.133767370131952
"F_devs",0.25802561774701,0.146859066752683
"F_devs",0.483756100842901,0.146696295912595
"F_devs",-0.0965007661285732,0.145841554976227
"F_devs",0.186811933032375,0.154419504227334
"F_devs",-0.0813445694807187,0.151442390034121
"F_devs",0.192595019721939,0.152971099637122
"F_devs",-0.436851461908826,0.140458429507846
"F_devs",-0.198120659537047,0.141331337185937
"F_devs",0.208643395492755,0.145717518971352
"F_devs",-0.543020989811469,0.1383160889315
"F_devs",-0.222368659298757,0.147876533242621
"F_devs",-0.331215084893316,0.145305641931186
"F_devs",-0.113245832589232,0.14270517478922
"F_devs",-0.325961968727163,0.139651834635418
"F_devs",-0.307087880397995,0.1424743388021
"F_devs",0.443718030575437,0.1464643929997
"F_devs",0.459275184692941,0.14826234227458
"F_devs",0.369275424707774,0.151604071326846
"F_devs",0.275342475485585,0.154096113987215
"F_devs",-0.290011321050873,0.146198530159648
"F_devs",-0.21178180483476,0.146198192354177
"log_N1_pars",10.1700660571462,0.1052775147938
"log_N1_pars",9.95279517230948,0.121993468974238
"log_N1_pars",10.620339650044,0.0907663287229956
"log_N1_pars",9.97481404983725,0.126351040745225
"log_N1_pars",9.51259965104743,0.189872370330538
"log_N1_pars",10.3001982114206,0.138498601313636
"logit_selpars",-3.27400838099783,0.0797256427590393
"logit_selpars",-1.70558600276853,0.148929696953987
"logit_selpars",-1.88427285860323,0.176754400726501
"logit_selpars",-2.205429740742,0.20103796906204
"logit_selpars",-3.56638370864959,0.122013012484068
"logit_selpars",-0.479372949455625,0.0849372727640633
"logit_selpars",-0.612343973800289,0.0786604346499234
"logit_selpars",-0.0404455537222431,0.137740289320216
"logit_selpars",1.5214280591494,0.258707275548208
"logit_selpars",1.31979811512969,0.323151987227203
"logit_selpars",1.84805371132908,0.726561770477418
"logit_selpars",-0.315576173183393,0.270255620525475
"log_R_sigma",0.298465094276289,0.109073663230199
"log_R",9.40405372862984,0.115454548051043
"log_R",10.6202378868196,0.0675792340207715
"log_R",9.89792603309218,0.104688942730958
"log_R",11.162461153828,0.0669344217551155
"log_R",11.0918270384571,0.0707310878832111
"log_R",10.8912045086557,0.0814745889735533
"log_R",11.1956061635211,0.0816351681303695
"log_R",12.1478254041556,0.0630999924638153
"log_R",11.2894704898819,0.0835269002010662
"log_R",9.81498956194154,0.118188331223356
"log_R",10.1053458861854,0.0828833491481932
"log_R",10.2120813146139,0.0691268008543281
"log_R",8.9155048469986,0.115715548273331
"log_R",9.76641247279661,0.100160491227616
"log_R",12.0660388842349,0.0538778331466956
"log_R",10.6678056743526,0.0815846553500882
"log_R",9.38382756353391,0.0895542246299514
"log_R",8.17478202737061,0.101444019474685
"log_R",8.06057834438743,0.0923281738827144
"log_R",8.41538763302023,0.0816183978386101
"log_R",9.1101553045076,0.067112482316094
"log_R",8.81643712964274,0.0809236360522751
"log_R",8.68033193331518,0.0924949702703518
"log_R",9.48154801386074,0.0669887951735728
"log_R",8.94160612748397,0.0835470998238286
"log_R",9.35100796362128,0.0683712841730065
"log_R",8.75914925207122,0.0777770000157693
"log_R",8.67442219188847,0.0720493427261084
"log_R",7.77316777221754,0.100758344424956
"log_R",7.9438992097448,0.0974060642263732
"log_R",8.22302277701073,0.0973800098936809
"log_R",9.52349556158588,0.0743581078854055
"log_R",9.29745944136998,0.082056369232013
"log_R",8.45558099041321,0.106668864748628
"log_R",8.90473373080667,0.0893341939624965
"log_R",8.77075190322683,0.0892888318344206
"log_R",8.41236289438345,0.09614755514549
"log_R",9.06170347348961,0.0685310608427824
"log_R",7.78771721506896,0.0944572966143573
"log_R",7.6318497507365,0.0960022237858574
"log_R",6.28062895614011,0.163979801099126
"log_R",6.16166681267161,0.210711687126015
"log_R",7.68996279290737,0.223875300144458
"log_SPR0",-0.187721901627652,0
"log_SPR0",-0.12665956323501,0
"log_SPR0",-0.0852433894739052,0
"log_SPR0",0.0405734293404723,0
"log_SPR0",0.0160854100717386,0
"log_SPR0",0.157225361516985,0
"log_SPR0",0.12527701768521,0
"log_SPR0",0.342015764636775,0
"log_SPR0",0.0985332898145638,0
"log_SPR0",0.262469550770147,0
"log_SPR0",0.24813143226862,0
"log_SPR0",0.0291830721685734,0
"log_SPR0",0.0307393776122014,0
"log_SPR0",0.0882827436690555,0
"log_SPR0",0.0511920996448341,0
"log_SPR0",0.263628871849029,0
"log_SPR0",0.324086554065446,0
"log_SPR0",0.235262013477837,0
"log_SPR0",0.175804191943294,0
"log_SPR0",0.317740860611754,0
"log_SPR0",0.410314121186175,0
"log_SPR0",0.00921833009238886,0
"log_SPR0",0.144565972144005,0
"log_SPR0",0.193198439054768,0
"log_SPR0",0.203536377106521,0
"log_SPR0",0.1738518701467,0
"log_SPR0",0.757663318256345,0
"log_SPR0",0.262580026827302,0
"log_SPR0",0.31655349620546,0
"log_SPR0",0.282704601481398,0
"log_SPR0",0.391065161510741,0
"log_SPR0",0.266456703054943,0
"log_SPR0",0.259592551430043,0
"log_SPR0",0.213652901300783,0
"log_SPR0",0.254341713425739,0
"log_SPR0",0.409531352267676,0
"log_SPR0",0.201641967872866,0
"log_SPR0",0.164805570860376,0
"log_SPR0",0.180989313340395,0
"log_SPR0",0.143459724235093,0
"log_SPR0",0.114532157611925,0
"log_SPR0",0.158872109951358,0
"log_SPR0",0.138327520655771,0
"log_SPR0",0.0561806526045111,0
"log_FXSPR",-2.65217074847512,0.124059810452346
"log_FXSPR",-2.67055104007611,0.123832328946606
"log_FXSPR",-2.68289403765208,0.123728282260968
"log_FXSPR",-2.71004157318651,0.123311320982636
"log_FXSPR",-2.72290311996215,0.123265804264538
"log_FXSPR",-2.78308664853291,0.122223525965196
"log_FXSPR",-2.79479573243711,0.121578469631453
"log_FXSPR",-2.89351680149333,0.119510313354271
"log_FXSPR",-2.81603106088105,0.121399915000474
"log_FXSPR",-2.8812351007452,0.119940622679765
"log_FXSPR",-2.88336930845246,0.11996564461829
"log_FXSPR",-2.85966636705941,0.120071043163147
"log_FXSPR",-2.79023617523617,0.121513012483466
"log_FXSPR",-2.80805620190795,0.121418990332889
"log_FXSPR",-2.80439967598366,0.12117485509376
"log_FXSPR",-2.84972492025186,0.120279818576618
"log_FXSPR",-2.96451181984591,0.118557701084711
"log_FXSPR",-2.94131687826881,0.118337490043229
"log_FXSPR",-2.92795054731865,0.119094483183459
"log_FXSPR",-2.89363480364996,0.119203013072523
"log_FXSPR",-2.91098071628807,0.118646629488218
"log_FXSPR",-2.82758181960872,0.120696373637653
"log_FXSPR",-2.89720539484176,0.119540242233538
"log_FXSPR",-2.81794635815338,0.120807265874121
"log_FXSPR",-2.8492762708536,0.120428005515877
"log_FXSPR",-2.82570923489704,0.120873925294871
"log_FXSPR",NA,NA
"log_FXSPR",-2.78933060156808,0.121801798387503
"log_FXSPR",-2.81341337242145,0.121109661949313
"log_FXSPR",-2.78967852606813,0.122041395133021
"log_FXSPR",-2.87286509065051,0.120011748218446
"log_FXSPR",-2.82126354881642,0.120906376059947
"log_FXSPR",-2.83208784016796,0.120781422197056
"log_FXSPR",-2.8636037441202,0.120225245311775
"log_FXSPR",-2.87995123518354,0.119798748584492
"log_FXSPR",-2.9432434692075,0.118058182861144
"log_FXSPR",-2.83958582198683,0.120693589067731
"log_FXSPR",-2.80201041372052,0.121349230869142
"log_FXSPR",-2.80724631416749,0.121270061342872
"log_FXSPR",-2.83626911718798,0.120772629675896
"log_FXSPR",-2.83225953159201,0.120873190484089
"log_FXSPR",-2.77730386638797,0.121543209844578
"log_FXSPR",-2.80401356326586,0.121313797317555
"log_FXSPR",-2.80335486013332,0.121328171044114
"log_SSB_FXSPR",9.06605342364444,0.1052775147938
"log_SSB_FXSPR",8.18678145173256,0.207412023162153
"log_SSB_FXSPR",8.22819762549366,0.207412023162153
"log_SSB_FXSPR",8.35401444430804,0.207412023162153
"log_SSB_FXSPR",8.32952642503931,0.207412023162153
"log_SSB_FXSPR",8.47066637648455,0.207412023162153
"log_SSB_FXSPR",8.43871803265278,0.207412023162153
"log_SSB_FXSPR",8.65545677960434,0.207412023162153
"log_SSB_FXSPR",8.41197430478213,0.207412023162153
"log_SSB_FXSPR",8.57591056573772,0.207412023162153
"log_SSB_FXSPR",8.56157244723619,0.207412023162153
"log_SSB_FXSPR",8.34262408713614,0.207412023162153
"log_SSB_FXSPR",8.34418039257977,0.207412023162153
"log_SSB_FXSPR",8.40172375863662,0.207412023162153
"log_SSB_FXSPR",8.3646331146124,0.207412023162153
"log_SSB_FXSPR",8.5770698868166,0.207412023162153
"log_SSB_FXSPR",8.63752756903301,0.207412023162153
"log_SSB_FXSPR",8.54870302844541,0.207412023162153
"log_SSB_FXSPR",8.48924520691086,0.207412023162153
"log_SSB_FXSPR",8.63118187557932,0.207412023162153
"log_SSB_FXSPR",8.72375513615374,0.207412023162153
"log_SSB_FXSPR",8.32265934505996,0.207412023162153
"log_SSB_FXSPR",8.45800698711157,0.207412023162153
"log_SSB_FXSPR",8.50663945402234,0.207412023162153
"log_SSB_FXSPR",8.51697739207409,0.207412023162153
"log_SSB_FXSPR",8.48729288511427,0.207412023162153
"log_SSB_FXSPR",NA,NA
"log_SSB_FXSPR",8.57602104179487,0.207412023162153
"log_SSB_FXSPR",8.62999451117303,0.207412023162153
"log_SSB_FXSPR",8.59614561644897,0.207412023162153
"log_SSB_FXSPR",8.70450617647831,0.207412023162153
"log_SSB_FXSPR",8.57989771802251,0.207412023162153
"log_SSB_FXSPR",8.57303356639761,0.207412023162153
"log_SSB_FXSPR",8.52709391626835,0.207412023162153
"log_SSB_FXSPR",8.56778272839331,0.207412023162153
"log_SSB_FXSPR",8.72297236723525,0.207412023162153
"log_SSB_FXSPR",8.51508298284043,0.207412023162153
"log_SSB_FXSPR",8.47824658582794,0.207412023162153
"log_SSB_FXSPR",8.49443032830796,0.207412023162153
"log_SSB_FXSPR",8.45690073920266,0.207412023162153
"log_SSB_FXSPR",8.42797317257949,0.207412023162153
"log_SSB_FXSPR",8.47231312491893,0.207412023162153
"log_SSB_FXSPR",8.45176853562334,0.207412023162153
"log_SSB_FXSPR",8.36962166757208,0.207412023162153
"log_Y_FXSPR",7.93837898638978,0.1052612789844
"log_Y_FXSPR",7.03469884083227,0.207376882276823
"log_Y_FXSPR",7.06219978468784,0.207345391787175
"log_Y_FXSPR",7.14939879139613,0.207309817218121
"log_Y_FXSPR",7.11182819602419,0.207277506838924
"log_Y_FXSPR",7.16143413577137,0.207236518213989
"log_Y_FXSPR",7.0913180287053,0.207263364266924
"log_Y_FXSPR",7.11844929684325,0.207201030628301
"log_Y_FXSPR",7.03312388611869,0.20721813822557
"log_Y_FXSPR",7.07486330428566,0.207193602740701
"log_Y_FXSPR",7.05568019469803,0.207181623228313
"log_Y_FXSPR",6.87054311175702,0.207236369852705
"log_Y_FXSPR",6.99834344204413,0.207292025836384
"log_Y_FXSPR",7.03624307730797,0.207243730592314
"log_Y_FXSPR",6.99833498822873,0.207298526651434
"log_Y_FXSPR",7.1267713637118,0.207249662008972
"log_Y_FXSPR",6.9621220404257,0.207124676564479
"log_Y_FXSPR",6.90248425519217,0.207209488560187
"log_Y_FXSPR",6.8859700276638,0.207162916698539
"log_Y_FXSPR",7.07284197304341,0.207227094202256
"log_Y_FXSPR",7.11847395407691,0.207246684714605
"log_Y_FXSPR",6.89880400634578,0.207250887255798
"log_Y_FXSPR",6.90890623872123,0.207183745627619
"log_Y_FXSPR",7.0986483889773,0.207273109892037
"log_Y_FXSPR",7.06259742168996,0.207225778005844
"log_Y_FXSPR",7.07888076644687,0.207235667460311
"log_Y_FXSPR",NA,NA
"log_Y_FXSPR",7.23901663078459,0.207250541733668
"log_Y_FXSPR",7.24070362282837,0.207246153015622
"log_Y_FXSPR",7.26626826444239,0.207233322533739
"log_Y_FXSPR",7.20393117101647,0.207189171860044
"log_Y_FXSPR",7.17310227166331,0.207239749133345
"log_Y_FXSPR",7.14790247135765,0.207229462855392
"log_Y_FXSPR",7.04727945759165,0.207200827574635
"log_Y_FXSPR",7.05211547464177,0.207198787722924
"log_Y_FXSPR",7.05188359832741,0.207205610678021
"log_Y_FXSPR",7.08033535395809,0.207211941228436
"log_Y_FXSPR",7.10530000022694,0.207260304699701
"log_Y_FXSPR",7.1160240545573,0.207250831796889
"log_Y_FXSPR",7.02990409748135,0.207215992777495
"log_Y_FXSPR",7.01266435768664,0.207227052945489
"log_Y_FXSPR",7.13694435702687,0.207317818770187
"log_Y_FXSPR",7.07178012919089,0.207243504177534
"log_Y_FXSPR",6.98717027009731,0.207241628590084
"log_F",-0.301036559681346,0.103780940013066
"log_F",0.627486381877161,0.0802332914185447
"log_F",0.627009033977639,0.104818803346824
"log_F",-0.00635559528986518,0.121994488231928
"log_F",0.34824363028263,0.122107257966207
"log_F",0.348993468778017,0.110871333997649
"log_F",0.230306535050115,0.103822904692229
"log_F",-0.0832358834766346,0.112693367105239
"log_F",-0.447085127417447,0.121311716610642
"log_F",-0.072286682399109,0.109465329474544
"log_F",0.33395653318541,0.0904970228554819
"log_F",0.668522374686555,0.0796776770157969
"log_F",0.57591386684061,0.102597783154684
"log_F",0.549057668127594,0.094183040514717
"log_F",0.394308414665181,0.110489302641563
"log_F",-0.183882823101261,0.12500935258632
"log_F",-0.110950582571203,0.105804777398835
"log_F",0.461873864281203,0.0773675160701044
"log_F",0.331245357218265,0.0801045852304341
"log_F",0.0511836094086844,0.0939248652495846
"log_F",-0.497396277668277,0.115119854485676
"log_F",-0.123621081524479,0.113344083219938
"log_F",-1.04351948428069,0.124389432206254
"log_F",-0.78549386653368,0.121461375943099
"log_F",-0.301737765690778,0.118652864299421
"log_F",-0.398238531819352,0.125732364883313
"log_F",-0.211426598786977,0.124136356076098
"log_F",-0.292771168267696,0.121566779933831
"log_F",-0.100176148545756,0.120777866435739
"log_F",-0.537027610454582,0.123429676993366
"log_F",-0.735148269991629,0.130046314014054
"log_F",-0.526504874498874,0.132303338351139
"log_F",-1.06952586431034,0.142805149379722
"log_F",-1.2918945236091,0.139552192240382
"log_F",-1.62310960850242,0.139421824435884
"log_F",-1.73635544109165,0.13454054365594
"log_F",-2.06231740981881,0.133724924983815
"log_F",-2.36940529021681,0.131047415345693
"log_F",-1.92568725964137,0.131248400405328
"log_F",-1.46641207494843,0.131711375408162
"log_F",-1.09713665024065,0.135325686121609
"log_F",-0.821794174755068,0.140629736398871
"log_F",-1.11180549580594,0.153025227856231
"log_F",-1.3235873006407,0.157864157402419
"log_FAA",-3.61220043403569,0.118463359632072
"log_FAA",-2.68367749247719,0.101871012203221
"log_FAA",-2.68415484037671,0.11474452363691
"log_FAA",-3.31751946964421,0.128141717482421
"log_FAA",-2.96292024407172,0.125391181149166
"log_FAA",-2.96217040557633,0.117045265006038
"log_FAA",-3.08085733930423,0.111748679918389
"log_FAA",-3.39439975783098,0.120106489066419
"log_FAA",-3.75824900177179,0.12814635088396
"log_FAA",-3.38345055675346,0.119754344449497
"log_FAA",-2.97720734116894,0.105118775528083
"log_FAA",-2.64264149966779,0.0994414205170717
"log_FAA",-2.73525000751374,0.113151564025295
"log_FAA",-2.76210620622675,0.105136778737409
"log_FAA",-2.91685545968917,0.118236836316913
"log_FAA",-3.49504669745561,0.118207240592905
"log_FAA",-3.42211445692555,0.115585346346407
"log_FAA",-2.84929001007314,0.0938562867639583
"log_FAA",-2.97991851713608,0.0958099200351295
"log_FAA",-3.25998026494566,0.105299109338859
"log_FAA",-3.80856015202262,0.123060073599221
"log_FAA",-3.43478495587883,0.11883735105438
"log_FAA",-4.35468335863504,0.128802316257288
"log_FAA",-4.09665774088803,0.126856065904485
"log_FAA",-3.61290164004513,0.124028344015851
"log_FAA",-3.7094024061737,0.129782680899455
"log_FAA",-3.52259047314132,0.127556103818588
"log_FAA",-3.60393504262204,0.126496131603383
"log_FAA",-3.4113400229001,0.123079408280246
"log_FAA",-3.84819148480893,0.125877220905796
"log_FAA",-4.04631214434598,0.132538661248412
"log_FAA",-3.83766874885322,0.13376489751651
"log_FAA",-4.38068973866469,0.141155451072907
"log_FAA",-4.60305839796345,0.138193982244415
"log_FAA",-4.93427348285676,0.138929264824146
"log_FAA",-5.04751931544599,0.137326109596204
"log_FAA",-5.37348128417316,0.138819761640087
"log_FAA",-5.68056916457115,0.136578880256426
"log_FAA",-5.23685113399572,0.137200049863176
"log_FAA",-4.77757594930277,0.13751453489474
"log_FAA",-4.408300524595,0.140063725936443
"log_FAA",-4.13295804910942,0.146445981164617
"log_FAA",-4.42296937016029,0.159234104361603
"log_FAA",-4.63475117499505,0.166569088185824
"log_FAA",-1.34651188406952,0.103837121129214
"log_FAA",-0.417988942511009,0.0845975258111663
"log_FAA",-0.418466290410531,0.101966389215473
"log_FAA",-1.05183091967804,0.114167553098046
"log_FAA",-0.69723169410554,0.115853226523022
"log_FAA",-0.696481855610153,0.102230125292942
"log_FAA",-0.815168789338055,0.0962094101620106
"log_FAA",-1.1287112078648,0.107172466769837
"log_FAA",-1.49256045180562,0.116767803624124
"log_FAA",-1.11776200678728,0.102893382493697
"log_FAA",-0.71151879120276,0.087295862851779
"log_FAA",-0.376952949701615,0.0818491174969398
"log_FAA",-0.469561457547561,0.0976038041225378
"log_FAA",-0.496417656260576,0.0866533648096434
"log_FAA",-0.65116690972299,0.107726989568144
"log_FAA",-1.22935814748943,0.120442246868754
"log_FAA",-1.15642590695937,0.0959036178658823
"log_FAA",-0.583601460106968,0.0738337950863203
"log_FAA",-0.714229967169905,0.0765010512051608
"log_FAA",-0.994291714979486,0.0886361927011485
"log_FAA",-1.54287160205645,0.110042741666812
"log_FAA",-1.16909640591265,0.104996508821681
"log_FAA",-2.08899480866886,0.114714608512944
"log_FAA",-1.83096919092185,0.112460404119842
"log_FAA",-1.34721309007895,0.111028888025841
"log_FAA",-1.44371385620752,0.11520457482928
"log_FAA",-1.25690192317515,0.113830039198045
"log_FAA",-1.33824649265587,0.111960382600304
"log_FAA",-1.14565147293393,0.107949609764134
"log_FAA",-1.58250293484275,0.112004691112835
"log_FAA",-1.7806235943798,0.120486353859
"log_FAA",-1.57198019888704,0.122890943266876
"log_FAA",-2.11500118869851,0.131325919370006
"log_FAA",-2.33736984799727,0.124920757729256
"log_FAA",-2.66858493289059,0.125956594843935
"log_FAA",-2.78183076547982,0.125056318739304
"log_FAA",-3.10779273420698,0.126272495243944
"log_FAA",-3.41488061460498,0.123899784424448
"log_FAA",-2.97116258402954,0.125165934872853
"log_FAA",-2.5118873993366,0.124789158577759
"log_FAA",-2.14261197462882,0.128457491997097
"log_FAA",-1.86726949914324,0.135606140531811
"log_FAA",-2.15728082019411,0.149767740648
"log_FAA",-2.36906262502887,0.157595029587802
"log_FAA",-0.498574898719912,0.100507222187468
"log_FAA",0.429948042838595,0.0810541169481797
"log_FAA",0.429470694939073,0.101769640783625
"log_FAA",-0.203893934328431,0.116779036150909
"log_FAA",0.150705291244065,0.115125265511956
"log_FAA",0.151455129739451,0.10507415930962
"log_FAA",0.0327681960115489,0.0954619462782132
"log_FAA",-0.280774222515201,0.107424586797089
"log_FAA",-0.644623466456013,0.117464494091618
"log_FAA",-0.269825021437675,0.105070214768531
"log_FAA",0.136418194146844,0.0831396526804592
"log_FAA",0.470984035647989,0.0774949939627413
"log_FAA",0.378375527802044,0.0978908372091936
"log_FAA",0.351519329089028,0.0857501261792709
"log_FAA",0.196770075626615,0.105719715335726
"log_FAA",-0.381421162139827,0.121057333729356
"log_FAA",-0.308488921609769,0.0996886606041422
"log_FAA",0.264335525242637,0.068813130857075
"log_FAA",0.133707018179699,0.070894452286169
"log_FAA",-0.146354729629881,0.0851769797302875
"log_FAA",-0.694934616706843,0.109053306722894
"log_FAA",-0.321159420563045,0.104885939451427
"log_FAA",-1.24105782331926,0.115772456176898
"log_FAA",-0.983032205572245,0.111858603207297
"log_FAA",-0.499276104729344,0.109658858990723
"log_FAA",-0.595776870857918,0.116927791733619
"log_FAA",-0.408964937825543,0.113667103330318
"log_FAA",-0.490309507306261,0.112118759939939
"log_FAA",-0.297714487584322,0.108890390993016
"log_FAA",-0.734565949493148,0.111388037282686
"log_FAA",-0.932686609030195,0.120379213760879
"log_FAA",-0.72404321353744,0.123260641925143
"log_FAA",-1.26706420334891,0.13239587204151
"log_FAA",-1.48943286264767,0.127595302759315
"log_FAA",-1.82064794754098,0.125034452312582
"log_FAA",-1.93389378013021,0.123637596310873
"log_FAA",-2.25985574885738,0.126011709762162
"log_FAA",-2.56694362925537,0.122753189590388
"log_FAA",-2.12322559867993,0.123890140747945
"log_FAA",-1.66395041398699,0.124441046741504
"log_FAA",-1.29467498927922,0.126453041442081
"log_FAA",-1.01933251379363,0.134483399397341
"log_FAA",-1.30934383484451,0.148679094451437
"log_FAA",-1.52112563967927,0.156644572874292
"log_FAA",-0.301036559681346,0.103780940013066
"log_FAA",0.627486381877161,0.0802332914185447
"log_FAA",0.627009033977639,0.104818803346824
"log_FAA",-0.00635559528986513,0.121994488231928
"log_FAA",0.34824363028263,0.122107257966207
"log_FAA",0.348993468778017,0.110871333997649
"log_FAA",0.230306535050115,0.103822904692229
"log_FAA",-0.0832358834766346,0.112693367105239
"log_FAA",-0.447085127417447,0.121311716610642
"log_FAA",-0.0722866823991089,0.109465329474544
"log_FAA",0.33395653318541,0.0904970228554819
"log_FAA",0.668522374686555,0.0796776770157969
"log_FAA",0.57591386684061,0.102597783154684
"log_FAA",0.549057668127594,0.094183040514717
"log_FAA",0.394308414665181,0.110489302641563
"log_FAA",-0.183882823101261,0.12500935258632
"log_FAA",-0.110950582571203,0.105804777398835
"log_FAA",0.461873864281203,0.0773675160701044
"log_FAA",0.331245357218265,0.080104585230434
"log_FAA",0.0511836094086845,0.0939248652495846
"log_FAA",-0.497396277668277,0.115119854485676
"log_FAA",-0.123621081524479,0.113344083219938
"log_FAA",-1.04351948428069,0.124389432206254
"log_FAA",-0.78549386653368,0.121461375943099
"log_FAA",-0.301737765690778,0.118652864299421
"log_FAA",-0.398238531819352,0.125732364883313
"log_FAA",-0.211426598786977,0.124136356076098
"log_FAA",-0.292771168267696,0.121566779933831
"log_FAA",-0.100176148545756,0.120777866435739
"log_FAA",-0.537027610454582,0.123429676993366
"log_FAA",-0.735148269991629,0.130046314014054
"log_FAA",-0.526504874498874,0.132303338351139
"log_FAA",-1.06952586431034,0.142805149379722
"log_FAA",-1.2918945236091,0.139552192240382
"log_FAA",-1.62310960850242,0.139421824435884
"log_FAA",-1.73635544109165,0.13454054365594
"log_FAA",-2.06231740981881,0.133724924983815
"log_FAA",-2.36940529021681,0.131047415345693
"log_FAA",-1.92568725964137,0.131248400405328
"log_FAA",-1.46641207494843,0.131711375408162
"log_FAA",-1.09713665024065,0.135325686121609
"log_FAA",-0.821794174755068,0.140629736398871
"log_FAA",-1.11180549580594,0.153025227856231
"log_FAA",-1.3235873006407,0.157864157402419
"log_FAA",-0.301036559681346,0.103780940013066
"log_FAA",0.627486381877161,0.0802332914185447
"log_FAA",0.627009033977639,0.104818803346824
"log_FAA",-0.00635559528986513,0.121994488231928
"log_FAA",0.34824363028263,0.122107257966207
"log_FAA",0.348993468778017,0.110871333997649
"log_FAA",0.230306535050115,0.103822904692229
"log_FAA",-0.0832358834766346,0.112693367105239
"log_FAA",-0.447085127417447,0.121311716610642
"log_FAA",-0.0722866823991089,0.109465329474544
"log_FAA",0.33395653318541,0.0904970228554819
"log_FAA",0.668522374686555,0.0796776770157969
"log_FAA",0.57591386684061,0.102597783154684
"log_FAA",0.549057668127594,0.094183040514717
"log_FAA",0.394308414665181,0.110489302641563
"log_FAA",-0.183882823101261,0.12500935258632
"log_FAA",-0.110950582571203,0.105804777398835
"log_FAA",0.461873864281203,0.0773675160701044
"log_FAA",0.331245357218265,0.080104585230434
"log_FAA",0.0511836094086845,0.0939248652495846
"log_FAA",-0.497396277668277,0.115119854485676
"log_FAA",-0.123621081524479,0.113344083219938
"log_FAA",-1.04351948428069,0.124389432206254
"log_FAA",-0.78549386653368,0.121461375943099
"log_FAA",-0.301737765690778,0.118652864299421
"log_FAA",-0.398238531819352,0.125732364883313
"log_FAA",-0.211426598786977,0.124136356076098
"log_FAA",-0.292771168267696,0.121566779933831
"log_FAA",-0.100176148545756,0.120777866435739
"log_FAA",-0.537027610454582,0.123429676993366
"log_FAA",-0.735148269991629,0.130046314014054
"log_FAA",-0.526504874498874,0.132303338351139
"log_FAA",-1.06952586431034,0.142805149379722
"log_FAA",-1.2918945236091,0.139552192240382
"log_FAA",-1.62310960850242,0.139421824435884
"log_FAA",-1.73635544109165,0.13454054365594
"log_FAA",-2.06231740981881,0.133724924983815
"log_FAA",-2.36940529021681,0.131047415345693
"log_FAA",-1.92568725964137,0.131248400405328
"log_FAA",-1.46641207494843,0.131711375408162
"log_FAA",-1.09713665024065,0.135325686121609
"log_FAA",-0.821794174755068,0.140629736398871
"log_FAA",-1.11180549580594,0.153025227856231
"log_FAA",-1.3235873006407,0.157864157402419
"log_FAA",-2.17354778349031,0.169265903588456
"log_FAA",-1.2450248419318,0.154513332484705
"log_FAA",-1.24550218983132,0.167773965612654
"log_FAA",-1.87886681909883,0.183298309947165
"log_FAA",-1.52426759352633,0.184707078993311
"log_FAA",-1.52351775503095,0.177075733698627
"log_FAA",-1.64220468875885,0.171816841235182
"log_FAA",-1.9557471072856,0.177636780385599
"log_FAA",-2.31959635122641,0.182866449211375
"log_FAA",-1.94479790620807,0.173742226515441
"log_FAA",-1.53855469062355,0.160967803902229
"log_FAA",-1.20398884912241,0.15375152092675
"log_FAA",-1.29659735696835,0.169528151081163
"log_FAA",-1.32345355568137,0.165529960555524
"log_FAA",-1.47820280914378,0.176453636763733
"log_FAA",-2.05639404691022,0.187343078009023
"log_FAA",-1.98346180638017,0.173973836661596
"log_FAA",-1.41063735952776,0.156185603142877
"log_FAA",-1.5412658665907,0.160909948109251
"log_FAA",-1.82132761440028,0.17426555142987
"log_FAA",-2.36990750147724,0.183279440025863
"log_FAA",-1.99613230533344,0.181052614509868
"log_FAA",-2.91603070808965,0.188879996653265
"log_FAA",-2.65800509034264,0.188792169742608
"log_FAA",-2.17424898949974,0.188625046739228
"log_FAA",-2.27074975562831,0.194848196670282
"log_FAA",-2.08393782259594,0.191132613297143
"log_FAA",-2.16528239207666,0.190761891458142
"log_FAA",-1.97268737235472,0.19333487590456
"log_FAA",-2.40953883426355,0.19464821546943
"log_FAA",-2.60765949380059,0.199827990102876
"log_FAA",-2.39901609830784,0.200829171486788
"log_FAA",-2.94203708811931,0.210168977917079
"log_FAA",-3.16440574741806,0.210767621588871
"log_FAA",-3.49562083231138,0.213920584126692
"log_FAA",-3.60886666490061,0.210942836130735
"log_FAA",-3.93482863362777,0.210477784028303
"log_FAA",-4.24191651402577,0.202809503116619
"log_FAA",-3.79819848345033,0.197264425941815
"log_FAA",-3.33892329875739,0.196219011644387
"log_FAA",-2.96964787404962,0.193800990490525
"log_FAA",-2.69430539856403,0.189368543666095
"log_FAA",-2.9843167196149,0.19045789841694
"log_FAA",-3.19609852444967,0.178965301661549
"log_FAA_tot",-3.61220043403569,0.118463359632072
"log_FAA_tot",-2.68367749247719,0.101871012203221
"log_FAA_tot",-2.68415484037671,0.11474452363691
"log_FAA_tot",-3.31751946964421,0.128141717482421
"log_FAA_tot",-2.96292024407172,0.125391181149166
"log_FAA_tot",-2.96217040557633,0.117045265006038
"log_FAA_tot",-3.08085733930423,0.111748679918389
"log_FAA_tot",-3.39439975783098,0.120106489066419
"log_FAA_tot",-3.75824900177179,0.12814635088396
"log_FAA_tot",-3.38345055675346,0.119754344449497
"log_FAA_tot",-2.97720734116894,0.105118775528083
"log_FAA_tot",-2.64264149966779,0.0994414205170717
"log_FAA_tot",-2.73525000751374,0.113151564025295
"log_FAA_tot",-2.76210620622675,0.105136778737409
"log_FAA_tot",-2.91685545968917,0.118236836316913
"log_FAA_tot",-3.49504669745561,0.118207240592905
"log_FAA_tot",-3.42211445692555,0.115585346346407
"log_FAA_tot",-2.84929001007314,0.0938562867639583
"log_FAA_tot",-2.97991851713608,0.0958099200351295
"log_FAA_tot",-3.25998026494566,0.105299109338859
"log_FAA_tot",-3.80856015202262,0.123060073599221
"log_FAA_tot",-3.43478495587883,0.11883735105438
"log_FAA_tot",-4.35468335863504,0.128802316257288
"log_FAA_tot",-4.09665774088803,0.126856065904485
"log_FAA_tot",-3.61290164004513,0.124028344015851
"log_FAA_tot",-3.7094024061737,0.129782680899455
"log_FAA_tot",-3.52259047314132,0.127556103818588
"log_FAA_tot",-3.60393504262204,0.126496131603383
"log_FAA_tot",-3.4113400229001,0.123079408280246
"log_FAA_tot",-3.84819148480893,0.125877220905796
"log_FAA_tot",-4.04631214434598,0.132538661248412
"log_FAA_tot",-3.83766874885322,0.13376489751651
"log_FAA_tot",-4.38068973866469,0.141155451072907
"log_FAA_tot",-4.60305839796345,0.138193982244415
"log_FAA_tot",-4.93427348285676,0.138929264824146
"log_FAA_tot",-5.04751931544599,0.137326109596204
"log_FAA_tot",-5.37348128417316,0.138819761640087
"log_FAA_tot",-5.68056916457115,0.136578880256426
"log_FAA_tot",-5.23685113399572,0.137200049863176
"log_FAA_tot",-4.77757594930277,0.13751453489474
"log_FAA_tot",-4.408300524595,0.140063725936443
"log_FAA_tot",-4.13295804910942,0.146445981164617
"log_FAA_tot",-4.42296937016029,0.159234104361603
"log_FAA_tot",-4.63475117499505,0.166569088185824
"log_FAA_tot",-1.34651188406952,0.103837121129214
"log_FAA_tot",-0.417988942511009,0.0845975258111663
"log_FAA_tot",-0.418466290410531,0.101966389215473
"log_FAA_tot",-1.05183091967804,0.114167553098046
"log_FAA_tot",-0.69723169410554,0.115853226523022
"log_FAA_tot",-0.696481855610153,0.102230125292942
"log_FAA_tot",-0.815168789338055,0.0962094101620106
"log_FAA_tot",-1.1287112078648,0.107172466769837
"log_FAA_tot",-1.49256045180562,0.116767803624124
"log_FAA_tot",-1.11776200678728,0.102893382493697
"log_FAA_tot",-0.71151879120276,0.087295862851779
"log_FAA_tot",-0.376952949701615,0.0818491174969398
"log_FAA_tot",-0.469561457547561,0.0976038041225378
"log_FAA_tot",-0.496417656260576,0.0866533648096434
"log_FAA_tot",-0.65116690972299,0.107726989568144
"log_FAA_tot",-1.22935814748943,0.120442246868754
"log_FAA_tot",-1.15642590695937,0.0959036178658823
"log_FAA_tot",-0.583601460106968,0.0738337950863203
"log_FAA_tot",-0.714229967169905,0.0765010512051608
"log_FAA_tot",-0.994291714979486,0.0886361927011485
"log_FAA_tot",-1.54287160205645,0.110042741666812
"log_FAA_tot",-1.16909640591265,0.104996508821681
"log_FAA_tot",-2.08899480866886,0.114714608512944
"log_FAA_tot",-1.83096919092185,0.112460404119842
"log_FAA_tot",-1.34721309007895,0.111028888025841
"log_FAA_tot",-1.44371385620752,0.11520457482928
"log_FAA_tot",-1.25690192317515,0.113830039198045
"log_FAA_tot",-1.33824649265587,0.111960382600304
"log_FAA_tot",-1.14565147293393,0.107949609764134
"log_FAA_tot",-1.58250293484275,0.112004691112835
"log_FAA_tot",-1.7806235943798,0.120486353859
"log_FAA_tot",-1.57198019888704,0.122890943266876
"log_FAA_tot",-2.11500118869851,0.131325919370006
"log_FAA_tot",-2.33736984799727,0.124920757729256
"log_FAA_tot",-2.66858493289059,0.125956594843935
"log_FAA_tot",-2.78183076547982,0.125056318739304
"log_FAA_tot",-3.10779273420698,0.126272495243944
"log_FAA_tot",-3.41488061460498,0.123899784424448
"log_FAA_tot",-2.97116258402954,0.125165934872853
"log_FAA_tot",-2.5118873993366,0.124789158577759
"log_FAA_tot",-2.14261197462882,0.128457491997097
"log_FAA_tot",-1.86726949914324,0.135606140531811
"log_FAA_tot",-2.15728082019411,0.149767740648
"log_FAA_tot",-2.36906262502887,0.157595029587802
"log_FAA_tot",-0.498574898719912,0.100507222187468
"log_FAA_tot",0.429948042838595,0.0810541169481797
"log_FAA_tot",0.429470694939073,0.101769640783625
"log_FAA_tot",-0.203893934328431,0.116779036150909
"log_FAA_tot",0.150705291244065,0.115125265511956
"log_FAA_tot",0.151455129739451,0.10507415930962
"log_FAA_tot",0.0327681960115489,0.0954619462782132
"log_FAA_tot",-0.280774222515201,0.107424586797089
"log_FAA_tot",-0.644623466456013,0.117464494091618
"log_FAA_tot",-0.269825021437675,0.105070214768531
"log_FAA_tot",0.136418194146844,0.0831396526804592
"log_FAA_tot",0.470984035647989,0.0774949939627413
"log_FAA_tot",0.378375527802044,0.0978908372091936
"log_FAA_tot",0.351519329089028,0.0857501261792709
"log_FAA_tot",0.196770075626615,0.105719715335726
"log_FAA_tot",-0.381421162139827,0.121057333729356
"log_FAA_tot",-0.308488921609769,0.0996886606041422
"log_FAA_tot",0.264335525242637,0.068813130857075
"log_FAA_tot",0.133707018179699,0.070894452286169
"log_FAA_tot",-0.146354729629881,0.0851769797302875
"log_FAA_tot",-0.694934616706843,0.109053306722894
"log_FAA_tot",-0.321159420563045,0.104885939451427
"log_FAA_tot",-1.24105782331926,0.115772456176898
"log_FAA_tot",-0.983032205572245,0.111858603207297
"log_FAA_tot",-0.499276104729344,0.109658858990723
"log_FAA_tot",-0.595776870857918,0.116927791733619
"log_FAA_tot",-0.408964937825543,0.113667103330318
"log_FAA_tot",-0.490309507306261,0.112118759939939
"log_FAA_tot",-0.297714487584322,0.108890390993016
"log_FAA_tot",-0.734565949493148,0.111388037282686
"log_FAA_tot",-0.932686609030195,0.120379213760879
"log_FAA_tot",-0.72404321353744,0.123260641925143
"log_FAA_tot",-1.26706420334891,0.13239587204151
"log_FAA_tot",-1.48943286264767,0.127595302759315
"log_FAA_tot",-1.82064794754098,0.125034452312582
"log_FAA_tot",-1.93389378013021,0.123637596310873
"log_FAA_tot",-2.25985574885738,0.126011709762162
"log_FAA_tot",-2.56694362925537,0.122753189590388
"log_FAA_tot",-2.12322559867993,0.123890140747945
"log_FAA_tot",-1.66395041398699,0.124441046741504
"log_FAA_tot",-1.29467498927922,0.126453041442081
"log_FAA_tot",-1.01933251379363,0.134483399397341
"log_FAA_tot",-1.30934383484451,0.148679094451437
"log_FAA_tot",-1.52112563967927,0.156644572874292
"log_FAA_tot",-0.301036559681346,0.103780940013066
"log_FAA_tot",0.627486381877161,0.0802332914185447
"log_FAA_tot",0.627009033977639,0.104818803346824
"log_FAA_tot",-0.00635559528986513,0.121994488231928
"log_FAA_tot",0.34824363028263,0.122107257966207
"log_FAA_tot",0.348993468778017,0.110871333997649
"log_FAA_tot",0.230306535050115,0.103822904692229
"log_FAA_tot",-0.0832358834766346,0.112693367105239
"log_FAA_tot",-0.447085127417447,0.121311716610642
"log_FAA_tot",-0.0722866823991089,0.109465329474544
"log_FAA_tot",0.33395653318541,0.0904970228554819
"log_FAA_tot",0.668522374686555,0.0796776770157969
"log_FAA_tot",0.57591386684061,0.102597783154684
"log_FAA_tot",0.549057668127594,0.094183040514717
"log_FAA_tot",0.394308414665181,0.110489302641563
"log_FAA_tot",-0.183882823101261,0.12500935258632
"log_FAA_tot",-0.110950582571203,0.105804777398835
"log_FAA_tot",0.461873864281203,0.0773675160701044
"log_FAA_tot",0.331245357218265,0.080104585230434
"log_FAA_tot",0.0511836094086845,0.0939248652495846
"log_FAA_tot",-0.497396277668277,0.115119854485676
"log_FAA_tot",-0.123621081524479,0.113344083219938
"log_FAA_tot",-1.04351948428069,0.124389432206254
"log_FAA_tot",-0.78549386653368,0.121461375943099
"log_FAA_tot",-0.301737765690778,0.118652864299421
"log_FAA_tot",-0.398238531819352,0.125732364883313
"log_FAA_tot",-0.211426598786977,0.124136356076098
"log_FAA_tot",-0.292771168267696,0.121566779933831
"log_FAA_tot",-0.100176148545756,0.120777866435739
"log_FAA_tot",-0.537027610454582,0.123429676993366
"log_FAA_tot",-0.735148269991629,0.130046314014054
"log_FAA_tot",-0.526504874498874,0.132303338351139
"log_FAA_tot",-1.06952586431034,0.142805149379722
"log_FAA_tot",-1.2918945236091,0.139552192240382
"log_FAA_tot",-1.62310960850242,0.139421824435884
"log_FAA_tot",-1.73635544109165,0.13454054365594
"log_FAA_tot",-2.06231740981881,0.133724924983815
"log_FAA_tot",-2.36940529021681,0.131047415345693
"log_FAA_tot",-1.92568725964137,0.131248400405328
"log_FAA_tot",-1.46641207494843,0.131711375408162
"log_FAA_tot",-1.09713665024065,0.135325686121609
"log_FAA_tot",-0.821794174755068,0.140629736398871
"log_FAA_tot",-1.11180549580594,0.153025227856231
"log_FAA_tot",-1.3235873006407,0.157864157402419
"log_FAA_tot",-0.301036559681346,0.103780940013066
"log_FAA_tot",0.627486381877161,0.0802332914185447
"log_FAA_tot",0.627009033977639,0.104818803346824
"log_FAA_tot",-0.00635559528986513,0.121994488231928
"log_FAA_tot",0.34824363028263,0.122107257966207
"log_FAA_tot",0.348993468778017,0.110871333997649
"log_FAA_tot",0.230306535050115,0.103822904692229
"log_FAA_tot",-0.0832358834766346,0.112693367105239
"log_FAA_tot",-0.447085127417447,0.121311716610642
"log_FAA_tot",-0.0722866823991089,0.109465329474544
"log_FAA_tot",0.33395653318541,0.0904970228554819
"log_FAA_tot",0.668522374686555,0.0796776770157969
"log_FAA_tot",0.57591386684061,0.102597783154684
"log_FAA_tot",0.549057668127594,0.094183040514717
"log_FAA_tot",0.394308414665181,0.110489302641563
"log_FAA_tot",-0.183882823101261,0.12500935258632
"log_FAA_tot",-0.110950582571203,0.105804777398835
"log_FAA_tot",0.461873864281203,0.0773675160701044
"log_FAA_tot",0.331245357218265,0.080104585230434
"log_FAA_tot",0.0511836094086845,0.0939248652495846
"log_FAA_tot",-0.497396277668277,0.115119854485676
"log_FAA_tot",-0.123621081524479,0.113344083219938
"log_FAA_tot",-1.04351948428069,0.124389432206254
"log_FAA_tot",-0.78549386653368,0.121461375943099
"log_FAA_tot",-0.301737765690778,0.118652864299421
"log_FAA_tot",-0.398238531819352,0.125732364883313
"log_FAA_tot",-0.211426598786977,0.124136356076098
"log_FAA_tot",-0.292771168267696,0.121566779933831
"log_FAA_tot",-0.100176148545756,0.120777866435739
"log_FAA_tot",-0.537027610454582,0.123429676993366
"log_FAA_tot",-0.735148269991629,0.130046314014054
"log_FAA_tot",-0.526504874498874,0.132303338351139
"log_FAA_tot",-1.06952586431034,0.142805149379722
"log_FAA_tot",-1.2918945236091,0.139552192240382
"log_FAA_tot",-1.62310960850242,0.139421824435884
"log_FAA_tot",-1.73635544109165,0.13454054365594
"log_FAA_tot",-2.06231740981881,0.133724924983815
"log_FAA_tot",-2.36940529021681,0.131047415345693
"log_FAA_tot",-1.92568725964137,0.131248400405328
"log_FAA_tot",-1.46641207494843,0.131711375408162
"log_FAA_tot",-1.09713665024065,0.135325686121609
"log_FAA_tot",-0.821794174755068,0.140629736398871
"log_FAA_tot",-1.11180549580594,0.153025227856231
"log_FAA_tot",-1.3235873006407,0.157864157402419
"log_FAA_tot",-2.17354778349031,0.169265903588456
"log_FAA_tot",-1.2450248419318,0.154513332484705
"log_FAA_tot",-1.24550218983132,0.167773965612654
"log_FAA_tot",-1.87886681909883,0.183298309947165
"log_FAA_tot",-1.52426759352633,0.184707078993311
"log_FAA_tot",-1.52351775503095,0.177075733698627
"log_FAA_tot",-1.64220468875885,0.171816841235182
"log_FAA_tot",-1.9557471072856,0.177636780385599
"log_FAA_tot",-2.31959635122641,0.182866449211375
"log_FAA_tot",-1.94479790620807,0.173742226515441
"log_FAA_tot",-1.53855469062355,0.160967803902229
"log_FAA_tot",-1.20398884912241,0.15375152092675
"log_FAA_tot",-1.29659735696835,0.169528151081163
"log_FAA_tot",-1.32345355568137,0.165529960555524
"log_FAA_tot",-1.47820280914378,0.176453636763733
"log_FAA_tot",-2.05639404691022,0.187343078009023
"log_FAA_tot",-1.98346180638017,0.173973836661596
"log_FAA_tot",-1.41063735952776,0.156185603142877
"log_FAA_tot",-1.5412658665907,0.160909948109251
"log_FAA_tot",-1.82132761440028,0.17426555142987
"log_FAA_tot",-2.36990750147724,0.183279440025863
"log_FAA_tot",-1.99613230533344,0.181052614509868
"log_FAA_tot",-2.91603070808965,0.188879996653265
"log_FAA_tot",-2.65800509034264,0.188792169742608
"log_FAA_tot",-2.17424898949974,0.188625046739228
"log_FAA_tot",-2.27074975562831,0.194848196670282
"log_FAA_tot",-2.08393782259594,0.191132613297143
"log_FAA_tot",-2.16528239207666,0.190761891458142
"log_FAA_tot",-1.97268737235472,0.19333487590456
"log_FAA_tot",-2.40953883426355,0.19464821546943
"log_FAA_tot",-2.60765949380059,0.199827990102876
"log_FAA_tot",-2.39901609830784,0.200829171486788
"log_FAA_tot",-2.94203708811931,0.210168977917079
"log_FAA_tot",-3.16440574741806,0.210767621588871
"log_FAA_tot",-3.49562083231138,0.213920584126692
"log_FAA_tot",-3.60886666490061,0.210942836130735
"log_FAA_tot",-3.93482863362777,0.210477784028303
"log_FAA_tot",-4.24191651402577,0.202809503116619
"log_FAA_tot",-3.79819848345033,0.197264425941815
"log_FAA_tot",-3.33892329875739,0.196219011644387
"log_FAA_tot",-2.96964787404962,0.193800990490525
"log_FAA_tot",-2.69430539856403,0.189368543666095
"log_FAA_tot",-2.9843167196149,0.19045789841694
"log_FAA_tot",-3.19609852444967,0.178965301661549
"log_Fbar",-0.301036559681346,0.103780940013066
"log_Fbar",0.627486381877161,0.0802332914185447
"log_Fbar",0.627009033977639,0.104818803346824
"log_Fbar",-0.00635559528986513,0.121994488231928
"log_Fbar",0.34824363028263,0.122107257966207
"log_Fbar",0.348993468778017,0.110871333997649
"log_Fbar",0.230306535050115,0.103822904692229
"log_Fbar",-0.0832358834766346,0.112693367105239
"log_Fbar",-0.447085127417447,0.121311716610642
"log_Fbar",-0.0722866823991089,0.109465329474544
"log_Fbar",0.33395653318541,0.0904970228554819
"log_Fbar",0.668522374686555,0.0796776770157969
"log_Fbar",0.57591386684061,0.102597783154684
"log_Fbar",0.549057668127594,0.094183040514717
"log_Fbar",0.394308414665181,0.110489302641563
"log_Fbar",-0.183882823101261,0.12500935258632
"log_Fbar",-0.110950582571203,0.105804777398835
"log_Fbar",0.461873864281203,0.0773675160701044
"log_Fbar",0.331245357218265,0.080104585230434
"log_Fbar",0.0511836094086845,0.0939248652495846
"log_Fbar",-0.497396277668277,0.115119854485676
"log_Fbar",-0.123621081524479,0.113344083219938
"log_Fbar",-1.04351948428069,0.124389432206254
"log_Fbar",-0.78549386653368,0.121461375943099
"log_Fbar",-0.301737765690778,0.118652864299421
"log_Fbar",-0.398238531819352,0.125732364883313
"log_Fbar",-0.211426598786977,0.124136356076098
"log_Fbar",-0.292771168267696,0.121566779933831
"log_Fbar",-0.100176148545756,0.120777866435739
"log_Fbar",-0.537027610454582,0.123429676993366
"log_Fbar",-0.735148269991629,0.130046314014054
"log_Fbar",-0.526504874498874,0.132303338351139
"log_Fbar",-1.06952586431034,0.142805149379722
"log_Fbar",-1.2918945236091,0.139552192240382
"log_Fbar",-1.62310960850242,0.139421824435884
"log_Fbar",-1.73635544109165,0.13454054365594
"log_Fbar",-2.06231740981881,0.133724924983815
"log_Fbar",-2.36940529021681,0.131047415345693
"log_Fbar",-1.92568725964137,0.131248400405328
"log_Fbar",-1.46641207494843,0.131711375408162
"log_Fbar",-1.09713665024065,0.135325686121609
"log_Fbar",-0.821794174755068,0.140629736398871
"log_Fbar",-1.11180549580594,0.153025227856231
"log_Fbar",-1.3235873006407,0.157864157402419
"log_NAA_rep",10.1700660571462,0.1052775147938
"log_NAA_rep",9.40405372862984,0.115454548051043
"log_NAA_rep",10.6202378868196,0.0675792340207715
"log_NAA_rep",9.89792603309218,0.104688942730958
"log_NAA_rep",11.162461153828,0.0669344217551155
"log_NAA_rep",11.0918270384571,0.0707310878832111
"log_NAA_rep",10.8912045086557,0.0814745889735534
"log_NAA_rep",11.1956061635211,0.0816351681303695
"log_NAA_rep",12.1478254041556,0.0630999924638153
"log_NAA_rep",11.2894704898819,0.0835269002010662
"log_NAA_rep",9.81498956194154,0.118188331223356
"log_NAA_rep",10.1053458861854,0.0828833491481933
"log_NAA_rep",10.2120813146139,0.0691268008543281
"log_NAA_rep",8.9155048469986,0.115715548273331
"log_NAA_rep",9.76641247279661,0.100160491227616
"log_NAA_rep",12.0660388842349,0.0538778331466956
"log_NAA_rep",10.6678056743526,0.0815846553500881
"log_NAA_rep",9.38382756353391,0.0895542246299514
"log_NAA_rep",8.17478202737061,0.101444019474685
"log_NAA_rep",8.06057834438743,0.0923281738827144
"log_NAA_rep",8.41538763302023,0.0816183978386101
"log_NAA_rep",9.1101553045076,0.067112482316094
"log_NAA_rep",8.81643712964274,0.0809236360522751
"log_NAA_rep",8.68033193331518,0.0924949702703519
"log_NAA_rep",9.48154801386074,0.0669887951735728
"log_NAA_rep",8.94160612748397,0.0835470998238286
"log_NAA_rep",9.35100796362128,0.0683712841730065
"log_NAA_rep",8.75914925207122,0.0777770000157693
"log_NAA_rep",8.67442219188847,0.0720493427261084
"log_NAA_rep",7.77316777221754,0.100758344424956
"log_NAA_rep",7.9438992097448,0.0974060642263733
"log_NAA_rep",8.22302277701073,0.0973800098936809
"log_NAA_rep",9.52349556158588,0.0743581078854055
"log_NAA_rep",9.29745944136998,0.082056369232013
"log_NAA_rep",8.45558099041321,0.106668864748628
"log_NAA_rep",8.90473373080667,0.0893341939624964
"log_NAA_rep",8.77075190322683,0.0892888318344206
"log_NAA_rep",8.41236289438345,0.09614755514549
"log_NAA_rep",9.06170347348961,0.0685310608427824
"log_NAA_rep",7.78771721506896,0.0944572966143573
"log_NAA_rep",7.6318497507365,0.0960022237858574
"log_NAA_rep",6.28062895614011,0.163979801099126
"log_NAA_rep",6.16166681267161,0.210711687126015
"log_NAA_rep",7.68996279290737,0.223875300144458
"log_NAA_rep",9.95279517230948,0.121993468974238
"log_NAA_rep",9.73807367064118,0.105416634341368
"log_NAA_rep",8.93074225190461,0.115535958953339
"log_NAA_rep",10.1469590106527,0.0680341803285452
"log_NAA_rep",9.45668341182476,0.105047343557089
"log_NAA_rep",10.7057933398045,0.0675192957070318
"log_NAA_rep",10.6351204673888,0.0711955797823785
"log_NAA_rep",10.4402846377978,0.0817056651413673
"log_NAA_rep",10.7570454708506,0.0819183890860429
"log_NAA_rep",11.7195008582778,0.0633662841322149
"log_NAA_rep",10.8505403153648,0.0838789646617249
"log_NAA_rep",9.35905468277087,0.118449871717133
"log_NAA_rep",9.62917286865554,0.0828926228068762
"log_NAA_rep",9.74220352947149,0.0693563177555884
"log_NAA_rep",8.44734624386964,0.115989900423042
"log_NAA_rep",9.30730892191095,0.100956237660773
"log_NAA_rep",11.6306915529745,0.0547841286511073
"log_NAA_rep",10.2301623353722,0.0819779975154712
"log_NAA_rep",8.92094215919122,0.0897208766101578
"log_NAA_rep",7.71898505459152,0.101412465943242
"log_NAA_rep",7.61718918876528,0.0923803907036833
"log_NAA_rep",7.98820754108312,0.0817559036612568
"log_NAA_rep",8.67292296364549,0.0674011348814163
"log_NAA_rep",8.39859062296709,0.0810395367366868
"log_NAA_rep",8.25870377507068,0.0926030880149139
"log_NAA_rep",9.04957454794491,0.0671188568713155
"log_NAA_rep",8.51211397222397,0.0837087556897193
"log_NAA_rep",8.91648510576663,0.0685744289461105
"log_NAA_rep",8.32693283836564,0.077984592987447
"log_NAA_rep",8.23642523782557,0.0722906648269017
"log_NAA_rep",7.34684951623146,0.100985434327752
"log_NAA_rep",7.52141246528213,0.0977221353865256
"log_NAA_rep",7.79647901023146,0.0979034809697648
"log_NAA_rep",9.10597883921022,0.07481169613972
"log_NAA_rep",8.88243830117579,0.0824238028772212
"log_NAA_rep",8.04338530357605,0.106887150625604
"log_NAA_rep",8.49330847808875,0.0895395882582072
"log_NAA_rep",8.36111394610042,0.08941175112639
"log_NAA_rep",8.00395127826378,0.096211727728983
"log_NAA_rep",8.6513865005506,0.0686484772563268
"log_NAA_rep",7.37430083908683,0.0945982240671431
"log_NAA_rep",7.21467389741663,0.0963491442310661
"log_NAA_rep",5.8595935809692,0.164470910858497
"log_NAA_rep",5.74466826147574,0.211116821532321
"log_NAA_rep",10.620339650044,0.0907663287229956
"log_NAA_rep",9.35664907266332,0.124363814403344
"log_NAA_rep",8.74370416234301,0.105782444643555
"log_NAA_rep",7.9366869399119,0.124565277754961
"log_NAA_rep",9.46166138326796,0.0815361923398173
"log_NAA_rep",8.62272150345762,0.119286383937664
"log_NAA_rep",9.87145790040276,0.0815415575913529
"log_NAA_rep",9.8565558465215,0.0793363541367653
"log_NAA_rep",9.78083479026327,0.0893150731182251
"log_NAA_rep",10.1962491330023,0.0892386990903704
"log_NAA_rep",11.0564900339743,0.0705692960536378
"log_NAA_rep",10.0236422560284,0.0873358101307137
"log_NAA_rep",8.33710633555968,0.118113206026801
"log_NAA_rep",8.66789645023649,0.0928419214523819
"log_NAA_rep",8.79749617193518,0.0777462303456289
"log_NAA_rep",7.58990929211038,0.130284308192101
"log_NAA_rep",8.67882867528384,0.113626888730639
"log_NAA_rep",10.9800829386686,0.0647256521138232
"log_NAA_rep",9.33627679370807,0.0827344104435425
"log_NAA_rep",8.09537320833798,0.0878385882026992
"log_NAA_rep",7.0129996477089,0.101156977798016
"log_NAA_rep",7.06742282149166,0.0957004233019971
"log_NAA_rep",7.34156002734187,0.0882794248022649
"log_NAA_rep",8.21311143608306,0.0714161696170902
"log_NAA_rep",7.90233245124916,0.0848485907789054
"log_NAA_rep",7.66274002749227,0.0962776407367919
"log_NAA_rep",8.47752507297091,0.0728820488503482
"log_NAA_rep",7.89157980108454,0.0878944897555314
"log_NAA_rep",8.31817988608806,0.0732590694406181
"log_NAA_rep",7.67291616732944,0.0813464095846894
"log_NAA_rep",7.69496503722434,0.076016475433815
"log_NAA_rep",6.84231649798138,0.104524729210192
"log_NAA_rep",6.97777884614067,0.104721430136959
"log_NAA_rep",7.33984586407483,0.103647111865944
"log_NAA_rep",8.67339751117398,0.0801542769873081
"log_NAA_rep",8.47708800995159,0.0858448042197924
"log_NAA_rep",7.64546027025253,0.109064262740209
"log_NAA_rep",8.11260896785701,0.0912826549027304
"log_NAA_rep",7.9922336142018,0.0905123496680327
"log_NAA_rep",7.61670757768372,0.0975719369939882
"log_NAA_rep",8.23427150227161,0.0711482126037236
"log_NAA_rep",6.92095290653432,0.0974836902398776
"log_NAA_rep",6.7241288257427,0.102999885229537
"log_NAA_rep",5.40795444345075,0.169655836617391
"log_NAA_rep",9.97481404983725,0.126351040745225
"log_NAA_rep",9.71694400651344,0.104537860363374
"log_NAA_rep",7.5234714185774,0.150835372362437
"log_NAA_rep",6.91126010167789,0.174965303375605
"log_NAA_rep",6.82513807157346,0.162401462910679
"log_NAA_rep",8.00300741998434,0.158203983880177
"log_NAA_rep",7.16319541053819,0.170487409562162
"log_NAA_rep",8.54214691453292,0.123395063254794
"log_NAA_rep",8.80535702339735,0.115988029765191
"log_NAA_rep",8.95997465791296,0.117354459964119
"log_NAA_rep",9.13673605193192,0.118985724928589
"log_NAA_rep",9.61432892272139,0.0991306548135864
"log_NAA_rep",8.12607283657606,0.12267855743698
"log_NAA_rep",6.58119525841217,0.174568307109612
"log_NAA_rep",6.95067123234755,0.141633398211547
"log_NAA_rep",7.28403208807909,0.150145411915675
"log_NAA_rep",6.61101907057065,0.165816415584124
"log_NAA_rep",7.64827258543073,0.137608569451789
"log_NAA_rep",9.38151777218552,0.0847219520753121
"log_NAA_rep",7.89721891830436,0.0879188219394093
"log_NAA_rep",6.93552199313215,0.0965313476756585
"log_NAA_rep",6.21789256752604,0.117232089412405
"log_NAA_rep",6.04611520866684,0.125662166060563
"log_NAA_rep",6.75648176492481,0.102014377869543
"log_NAA_rep",7.54293663402357,0.0886567609917884
"log_NAA_rep",6.99936256790368,0.110756821076305
"log_NAA_rep",6.81560578810946,0.118987175212795
"log_NAA_rep",7.51718754793884,0.103286410922656
"log_NAA_rep",6.98314298990496,0.110977251037348
"log_NAA_rep",7.27966657983351,0.100561578681343
"log_NAA_rep",6.89720253359112,0.099619105204899
"log_NAA_rep",7.00546991576992,0.0945050753697217
"log_NAA_rep",6.06152831207911,0.128794109726542
"log_NAA_rep",6.40012154841225,0.123891858553773
"log_NAA_rep",6.81834535503242,0.11710799335597
"log_NAA_rep",8.21547671042222,0.0912172497550991
"log_NAA_rep",8.036503887732,0.0945054256495696
"log_NAA_rep",7.24509473173537,0.113857603016245
"log_NAA_rep",7.73983914359202,0.0952682647751831
"log_NAA_rep",7.57658853578992,0.0962629470630559
"log_NAA_rep",7.13131824358774,0.10506629670358
"log_NAA_rep",7.6642846037301,0.085082406538703
"log_NAA_rep",6.26411719386537,0.114210476153699
"log_NAA_rep",6.15813166474018,0.123272930859369
"log_NAA_rep",9.51259965104743,0.189872370330538
"log_NAA_rep",8.9597633336035,0.146564479333729
"log_NAA_rep",7.56904709656461,0.161594494963274
"log_NAA_rep",5.3764683186884,0.238159083734157
"log_NAA_rep",5.64259554289166,0.223414394573152
"log_NAA_rep",5.13356074273601,0.243762632292266
"log_NAA_rep",6.31036748859368,0.232641022598649
"log_NAA_rep",5.62920953645417,0.21617114094256
"log_NAA_rep",7.34701283733851,0.16986103744173
"log_NAA_rep",7.89086755552658,0.153346499105025
"log_NAA_rep",7.75471049069639,0.158959617270434
"log_NAA_rep",7.46525361032003,0.159970527332871
"log_NAA_rep",7.38797710025133,0.160404067585309
"log_NAA_rep",6.07231750668834,0.210566702183227
"log_NAA_rep",4.57457477079301,0.2318843972901
"log_NAA_rep",5.19231326486287,0.220572819501359
"log_NAA_rep",6.17699879488334,0.200170676450481
"log_NAA_rep",5.44103609497694,0.195708164790809
"log_NAA_rep",5.78622747790619,0.166836960810247
"log_NAA_rep",7.71381631243828,0.114860953643902
"log_NAA_rep",6.56970279089771,0.121855217641253
"log_NAA_rep",6.05241003826254,0.128634916565151
"log_NAA_rep",5.05917793427518,0.164877105532923
"log_NAA_rep",5.41890231839019,0.144136763374294
"log_NAA_rep",6.02558726977964,0.125531805511711
"log_NAA_rep",6.52840466390412,0.135547086401366
"log_NAA_rep",6.05286073390071,0.152060734458217
"log_NAA_rep",5.73117709618933,0.164872683514528
"log_NAA_rep",6.495994674169,0.147346431910401
"log_NAA_rep",5.80346494362737,0.16139735949151
"log_NAA_rep",6.4201835957746,0.138222349446164
"log_NAA_rep",6.14276816561616,0.133708903397356
"log_NAA_rep",6.13980409848938,0.142479139690724
"log_NAA_rep",5.44335712351939,0.156372011835681
"log_NAA_rep",5.85037177862811,0.143659292984359
"log_NAA_rep",6.34606108761002,0.130530011289185
"log_NAA_rep",7.76431544824607,0.105642931635895
"log_NAA_rep",7.63434493894402,0.104540281053267
"log_NAA_rep",6.87655839502046,0.119491914150839
"log_NAA_rep",7.31906360681358,0.105115753370272
"log_NAA_rep",7.07083661348426,0.111447025383831
"log_NAA_rep",6.52249266768188,0.126216705647488
"log_NAA_rep",6.94964245211508,0.122624312055921
"log_NAA_rep",5.6601527132847,0.143319169177488
"log_NAA_rep",10.3001982114206,0.138498601313636
"log_NAA_rep",10.1681910176189,0.121777513685084
"log_NAA_rep",9.70715151582488,0.14058976401132
"log_NAA_rep",9.21156578094543,0.173101324456319
"log_NAA_rep",8.83674972165983,0.192906132470436
"log_NAA_rep",8.3998581852157,0.221204768696049
"log_NAA_rep",7.96196355959643,0.249149713883929
"log_NAA_rep",7.59976603757721,0.26621071231995
"log_NAA_rep",7.28774214339143,0.275113716775241
"log_NAA_rep",7.42984257140598,0.222152989323545
"log_NAA_rep",7.58864509027809,0.194779710345404
"log_NAA_rep",7.44535159635501,0.194710015577656
"log_NAA_rep",7.08891062536085,0.207556077164047
"log_NAA_rep",6.84051347535603,0.219344785447368
"log_NAA_rep",6.44259905006145,0.242380229518139
"log_NAA_rep",6.02548481766731,0.265735668905479
"log_NAA_rep",5.85682403978324,0.259310832387458
"log_NAA_rep",5.97668139645178,0.229613522260113
"log_NAA_rep",5.64051329356922,0.239387582324497
"log_NAA_rep",5.49335232843946,0.229465842113273
"log_NAA_rep",6.64527028557339,0.16718267344762
"log_NAA_rep",6.75284844829326,0.1604770558781
"log_NAA_rep",6.59224692444906,0.167660528987459
"log_NAA_rep",6.45221732830605,0.167163713549588
"log_NAA_rep",6.36289185901785,0.162341624379713
"log_NAA_rep",6.33459056752077,0.160130777748344
"log_NAA_rep",6.51353137266242,0.161630784050292
"log_NAA_rep",6.42816748009691,0.172503705141186
"log_NAA_rep",6.31216733419056,0.179611653505598
"log_NAA_rep",6.37711562194663,0.185342697939695
"log_NAA_rep",6.34520332922217,0.186938153535417
"log_NAA_rep",6.57144861170206,0.175211848300862
"log_NAA_rep",6.57554058692243,0.175549026327817
"log_NAA_rep",6.67821753439931,0.170320468017719
"log_NAA_rep",6.60770683264746,0.168374623353408
"log_NAA_rep",6.67346017535471,0.158213691517857
"log_NAA_rep",6.88883529662855,0.142681925190034
"log_NAA_rep",7.7702885092633,0.11714213417314
"log_NAA_rep",8.10513907321365,0.107785788564632
"log_NAA_rep",8.07666932122107,0.10599324446006
"log_NAA_rep",8.12938049844796,0.104937119616321
"log_NAA_rep",8.07420597603814,0.109076739514772
"log_NAA_rep",7.90870484622483,0.117148494421115
"log_NAA_rep",7.87622285984608,0.123252867498529
"log_SSB",10.3608429699072,0.0663914793703735
"log_SSB",9.75136821636409,0.0843692302814291
"log_SSB",9.08828382230491,0.118910954911525
"log_SSB",9.05665450346711,0.112138882907058
"log_SSB",8.89651623276178,0.109709203092313
"log_SSB",9.08492167605599,0.0908590219040178
"log_SSB",9.24757284305131,0.0739692968486605
"log_SSB",9.34314634463906,0.0777779961793464
"log_SSB",9.43972181631714,0.073721693568451
"log_SSB",10.0095864863755,0.0607467948352884
"log_SSB",9.92720615561994,0.0612977236819609
"log_SSB",8.90459049976151,0.0714039592230341
"log_SSB",8.16577169448245,0.0819276825668285
"log_SSB",8.07359857224254,0.0727279057101389
"log_SSB",7.70133806997971,0.0889540993403638
"log_SSB",7.9287961418889,0.089447858981715
"log_SSB",9.25826439306637,0.0570948282480594
"log_SSB",9.35816977278527,0.0529842937476442
"log_SSB",8.48955813315638,0.0585818723415478
"log_SSB",7.89425362795761,0.0761634532276981
"log_SSB",7.54904988661914,0.0997027589050442
"log_SSB",7.09876623350278,0.0955013048757677
"log_SSB",7.35924319280126,0.084018107523985
"log_SSB",7.77681331612395,0.0690539489859622
"log_SSB",7.69994610910016,0.0765554815650755
"log_SSB",7.79755688665603,0.0720449819557037
"log_SSB",8.10507300535358,0.0850385819236445
"log_SSB",7.97029814644835,0.073555080177954
"log_SSB",7.89080011530149,0.0774134222313141
"log_SSB",7.73379432504548,0.0849322107798525
"log_SSB",7.63396640669782,0.0965710293672868
"log_SSB",7.37771642359897,0.107219081188375
"log_SSB",7.33637449932488,0.111792228727812
"log_SSB",7.71592052939196,0.0921508887868014
"log_SSB",8.18291410933445,0.0840506995624907
"log_SSB",8.36807450481875,0.0877956178201738
"log_SSB",8.38275664810706,0.0873317031441845
"log_SSB",8.46268194574417,0.0839038253508492
"log_SSB",8.4964580352588,0.0813488004996803
"log_SSB",8.44156968214214,0.0792134563283673
"log_SSB",8.3430149768795,0.0816347857347824
"log_SSB",8.14462162170069,0.0919504559709995
"log_SSB",7.85818376140165,0.106310809052088
"log_SSB",7.52697416337688,0.117045783170329
"log_pred_catch",9.57637773693038,0.0979160227848219
"log_pred_catch",9.65295586859227,0.0865413184281771
"log_pred_catch",8.71624958567733,0.0908733456230694
"log_pred_catch",8.21596342139487,0.0996471783814983
"log_pred_catch",8.68587470281911,0.0954596418532871
"log_pred_catch",8.99059334162872,0.0942703887190257
"log_pred_catch",9.12232654189397,0.0910971343683204
"log_pred_catch",8.96261936223857,0.0941337508862875
"log_pred_catch",8.79172519093385,0.0971842504165355
"log_pred_catch",9.67468763464714,0.0948520985272086
"log_pred_catch",10.0047032676295,0.0894834494969439
"log_pred_catch",9.3657722287413,0.0887780750967485
"log_pred_catch",8.45773750332313,0.0914392343474052
"log_pred_catch",8.2550264181097,0.0879791878057678
"log_pred_catch",7.82093757477864,0.0893066373748903
"log_pred_catch",7.88262161070092,0.0957369324825047
"log_pred_catch",8.83177906361022,0.0906661089024975
"log_pred_catch",9.58245029931657,0.0821680198244888
"log_pred_catch",8.66444744158803,0.0891190906669511
"log_pred_catch",7.77495624527098,0.090837964733603
"log_pred_catch",6.56180505301599,0.0942055614535394
"log_pred_catch",6.4390187443448,0.090184222111913
"log_pred_catch",5.81359465913372,0.0976869632774534
"log_pred_catch",6.64138341070742,0.0975748263719504
"log_pred_catch",7.10853920786789,0.0946006879181035
"log_pred_catch",7.0855890909924,0.100197683519701
"log_pred_catch",7.43046902458235,0.101627081607252
"log_pred_catch",7.37819417916231,0.101418960579843
"log_pred_catch",7.48614702389104,0.101237184381379
"log_pred_catch",6.88669562923292,0.0990830521449803
"log_pred_catch",6.5529782813051,0.0995371559810741
"log_pred_catch",6.43126785526567,0.0967826493259357
"log_pred_catch",5.82076397416835,0.0977760622810372
"log_pred_catch",5.99509847948303,0.0998258697940514
"log_pred_catch",6.23005106138071,0.0998128698984627
"log_pred_catch",6.35428458087288,0.0985927896628484
"log_pred_catch",6.09664327554145,0.0985813139844231
"log_pred_catch",5.66672271306084,0.0992944160937452
"log_pred_catch",6.0103250465317,0.10173516614902
"log_pred_catch",6.39717901423178,0.102400724257098
"log_pred_catch",6.59379253414109,0.104277709900256
"log_pred_catch",6.5830866469841,0.104300283397441
"log_pred_catch",5.89214096229099,0.10247546104443
"log_pred_catch",5.02559349322064,0.0995695469579756
"pred_IAA",301.640990289745,44.5302931615056
"pred_IAA",138.780761877209,21.5654556206211
"pred_IAA",468.289991325907,57.5810652486418
"pred_IAA",229.243544976319,33.6313041166779
"pred_IAA",808.728916433023,98.8065214398463
"pred_IAA",753.568536542272,94.4172020363369
"pred_IAA",617.478417681911,80.7941753628255
"pred_IAA",839.776316236508,110.073530196052
"pred_IAA",2181.81819705197,262.449251634971
"pred_IAA",922.334099757186,122.118469937063
"pred_IAA",210.224376107287,33.0205691325727
"pred_IAA",279.631372116872,37.1029169001512
"pred_IAA",311.619048739891,38.9563922783051
"pred_IAA",85.2539775065954,13.3988557269285
"pred_IAA",200.097782766862,29.2572590812181
"pred_IAA",2006.95038446481,225.80650705759
"pred_IAA",495.498544057243,64.6673697567024
"pred_IAA",136.356910254619,18.6456649069882
"pred_IAA",40.7722767897096,5.91798843901286
"pred_IAA",36.484978623154,5.05679224639275
"pred_IAA",52.235491929305,6.84694240438491
"pred_IAA",104.377777659113,12.6262789461348
"pred_IAA",78.1902593304763,10.173910774321
"pred_IAA",68.1761276817839,9.41217153542801
"pred_IAA",151.520999091588,18.5827098753217
"pred_IAA",88.3585231584222,11.7287215385518
"pred_IAA",132.893336463529,16.4276985807505
"pred_IAA",73.5720151487704,9.4795030837417
"pred_IAA",67.4976329057395,8.44021497703965
"pred_IAA",27.4882264538635,3.92750697179273
"pred_IAA",32.6370158403653,4.54426119277762
"pred_IAA",43.1014401689234,5.95765715101961
"pred_IAA",158.5842434951,19.2499148315733
"pred_IAA",126.579900356516,16.012809292526
"pred_IAA",54.5818628063321,7.83219367955741
"pred_IAA",85.5453798358964,11.2399881145679
"pred_IAA",74.851937061277,9.89423308745908
"pred_IAA",52.3226610122381,7.2164402274555
"pred_IAA",100.112425159205,12.1355603582472
"pred_IAA",27.9811955455748,3.86071149038407
"pred_IAA",23.9202495862139,3.30074577114449
"pred_IAA",6.18755296696107,1.18114972333483
"pred_IAA",5.49911269312232,1.27302723139325
"pred_IAA",25.3671552820846,6.09223028865302
"pred_IAA",1738.32700684172,198.46181115479
"pred_IAA",783.426144018849,97.0760241283105
"pred_IAA",2643.56959399021,212.849266255756
"pred_IAA",1315.0115649784,150.048298793603
"pred_IAA",4603.47607417389,370.795320133443
"pred_IAA",4289.40703568117,360.599576343053
"pred_IAA",3524.94910767886,327.378206943967
"pred_IAA",4823.67958948131,445.121954371851
"pred_IAA",12596.6812682748,973.63345041723
"pred_IAA",5296.91328639117,500.727402634675
"pred_IAA",1197.08543185829,151.845570640352
"pred_IAA",1576.27980378164,149.546894458441
"pred_IAA",1762.13187539864,144.140838822286
"pred_IAA",482.505619210734,59.6014656343596
"pred_IAA",1137.61754497077,122.966604201835
"pred_IAA",11546.4701887954,812.425795163057
"pred_IAA",2847.45201116781,265.013210400611
"pred_IAA",773.766526215309,77.5881993489851
"pred_IAA",232.186509714569,25.7726167191758
"pred_IAA",209.064569611966,21.2486417204661
"pred_IAA",301.753131029075,27.5490447964157
"pred_IAA",599.944841977592,47.5207381714368
"pred_IAA",453.801066150903,41.4628281350641
"pred_IAA",394.933535712345,40.1095214120539
"pred_IAA",873.208698722047,70.1887719268139
"pred_IAA",509.838333909274,48.3330163564558
"pred_IAA",764.882702742718,62.1547841442065
"pred_IAA",423.940711414058,37.7042107195333
"pred_IAA",387.816057433691,32.1369007688961
"pred_IAA",158.861976407815,17.1706740725002
"pred_IAA",188.979930858897,19.5532184404789
"pred_IAA",249.066922152339,25.0235012287733
"pred_IAA",920.543900817565,72.6788083684439
"pred_IAA",735.683690725629,63.1601582350513
"pred_IAA",317.678827939052,34.6087715154928
"pred_IAA",498.085357709462,46.1684105752848
"pred_IAA",436.212760653401,40.688056787768
"pred_IAA",305.106487307458,31.1816750418545
"pred_IAA",583.224632078814,45.151041987313
"pred_IAA",162.757539419566,16.5593991024616
"pred_IAA",138.875039562544,14.0630429551195
"pred_IAA",35.8541419828826,5.94846022386834
"pred_IAA",31.9293155762897,6.71565216624371
"pred_IAA",147.45721606879,32.4110485913336
"pred_IAA",4153.07157508229,531.867869002797
"pred_IAA",3033.05646440474,332.802318200033
"pred_IAA",1352.99137650477,162.383692101503
"pred_IAA",4931.89924103705,390.381735237738
"pred_IAA",2382.81482013711,266.107263500482
"pred_IAA",8308.66571008347,652.496150155821
"pred_IAA",7850.43436844394,632.235973358302
"pred_IAA",6655.95356821551,602.556578564529
"pred_IAA",9364.59358789439,856.671009528666
"pred_IAA",23899.0259733335,1792.51293628829
"pred_IAA",9620.58767974133,877.605814247873
"pred_IAA",2061.96033167617,251.795074040725
"pred_IAA",2742.70131383997,247.193114437223
"pred_IAA",3083.65703521142,242.277030425434
"pred_IAA",863.360071644945,104.987852185874
"pred_IAA",2160.36764213582,232.821750869766
"pred_IAA",21935.9962320384,1505.0548926997
"pred_IAA",5087.46922498504,456.399236814934
"pred_IAA",1397.43648099071,134.860800204669
"pred_IAA",432.825019147786,46.6360720789677
"pred_IAA",406.503454692482,40.4713349094216
"pred_IAA",575.011760298462,50.9560415443857
"pred_IAA",1194.89657486295,91.3941925643234
"pred_IAA",899.978532868025,80.3329464809144
"pred_IAA",763.22865768707,76.0965980933529
"pred_IAA",1693.25333865165,131.458791263632
"pred_IAA",977.330876060499,89.8891434846476
"pred_IAA",1472.55406523569,115.63803657488
"pred_IAA",805.347210033465,68.8254277752728
"pred_IAA",756.653195472566,60.8750997757792
"pred_IAA",313.738894028985,33.0609468791601
"pred_IAA",369.942982025753,37.4353639441288
"pred_IAA",497.783654702784,49.8382123753032
"pred_IAA",1855.07116434603,143.442062175646
"pred_IAA",1493.60144397673,124.888799350657
"pred_IAA",646.613585588409,69.3408505153813
"pred_IAA",1018.39020703222,92.1338076299748
"pred_IAA",894.923906293393,81.8856318343485
"pred_IAA",623.273348222757,61.9939672313552
"pred_IAA",1181.98745153876,88.6161772770162
"pred_IAA",326.623681333039,32.5809778606178
"pred_IAA",275.856957138679,27.6822437039908
"pred_IAA",71.8462649531304,11.9205786360159
"pred_IAA",64.4004740202269,13.6090966036542
"pred_IAA",3234.33891253024,412.03873269792
"pred_IAA",1935.63510875487,209.699292305858
"pred_IAA",863.587307799978,106.018884160295
"pred_IAA",3673.42601214232,302.165149278401
"pred_IAA",1647.65149120375,191.798215249404
"pred_IAA",5744.1429314379,467.058195230533
"pred_IAA",5580.82132559391,455.889881106204
"pred_IAA",5022.03990598264,460.027233173933
"pred_IAA",7423.02883187096,691.795550340899
"pred_IAA",18000.1788658815,1367.02891222339
"pred_IAA",6675.91134232681,609.432579697621
"pred_IAA",1297.88027653583,157.393437620609
"pred_IAA",1779.53929831251,164.899619334098
"pred_IAA",2017.40486692421,160.470075942104
"pred_IAA",590.023734361698,74.9944076327753
"pred_IAA",1655.47452821847,187.328045648236
"pred_IAA",16624.4424150494,1166.52056134769
"pred_IAA",3414.00856758672,301.900806967543
"pred_IAA",970.352764206352,90.0717916442934
"pred_IAA",319.063528928041,33.1828227671734
"pred_IAA",324.004902575015,31.6576210544566
"pred_IAA",436.643092552745,38.7031818722167
"pred_IAA",996.210471219464,73.8169644045498
"pred_IAA",736.78139088455,64.717778030867
"pred_IAA",594.443217277687,58.7691908981654
"pred_IAA",1334.65975807559,101.552761899251
"pred_IAA",751.903189008328,67.9160753529515
"pred_IAA",1145.56177033166,87.5688403587988
"pred_IAA",609.302322416079,49.9538808565334
"pred_IAA",605.602797287131,46.2019781577609
"pred_IAA",255.786723600965,26.2008415417191
"pred_IAA",295.769810542556,29.1216742322796
"pred_IAA",415.672788390293,40.6515972331635
"pred_IAA",1567.81322476323,111.687519721189
"pred_IAA",1279.62176420338,99.1425699593951
"pred_IAA",556.037513531839,57.0331713860627
"pred_IAA",883.311646772416,74.4285454606475
"pred_IAA",780.822562205443,67.0241637648582
"pred_IAA",538.836797020908,50.9884860955829
"pred_IAA",1006.71162934289,69.8982407633351
"pred_IAA",273.194534893007,26.1004610000256
"pred_IAA",226.48060846871,21.8649868721102
"pred_IAA",60.1450089108719,9.8823712357815
"pred_IAA",54.5101105889986,11.5309734083665
"pred_IAA",12077.6116921788,1214.41853834993
"pred_IAA",2705.31237261052,342.784617505573
"pred_IAA",1465.88018858385,166.573243749654
"pred_IAA",783.223211878362,104.478463523465
"pred_IAA",3299.7959018797,312.267730433891
"pred_IAA",1425.75672295566,181.796016567759
"pred_IAA",5134.55346313924,464.634930682975
"pred_IAA",5422.83568059503,495.3388245051
"pred_IAA",5325.37154767776,537.743703431792
"pred_IAA",7600.64862413991,758.558341809998
"pred_IAA",16326.8743350674,1299.371188438
"pred_IAA",5186.77764841631,476.051016850824
"pred_IAA",995.003815129664,126.114132094675
"pred_IAA",1398.57361660264,141.515788137679
"pred_IAA",1675.30104446826,152.147922447796
"pred_IAA",572.380936090578,79.5763424419886
"pred_IAA",1678.75488544278,203.58930665548
"pred_IAA",14545.8302711775,1054.32657751902
"pred_IAA",2925.23567782878,258.261672859934
"pred_IAA",906.896571255747,84.7238565654926
"pred_IAA",336.581689823611,36.619371465242
"pred_IAA",335.866555042985,34.7072807851104
"pred_IAA",492.703940318623,47.6895777702902
"pred_IAA",1153.07289551621,94.1689126633559
"pred_IAA",797.281635270239,75.1116063711934
"pred_IAA",636.23912337469,66.7099947412463
"pred_IAA",1396.96694406794,115.581079775883
"pred_IAA",787.677390782314,75.9787236394616
"pred_IAA",1168.14180534443,94.3916209575197
"pred_IAA",654.326043096943,58.3896403209878
"pred_IAA",683.488111219879,56.7625645795814
"pred_IAA",284.785839283695,31.2376179266769
"pred_IAA",343.086474243472,37.0236600804424
"pred_IAA",499.740389206926,52.9724429081819
"pred_IAA",1926.64478595999,156.799422729178
"pred_IAA",1590.11240005832,137.406300992362
"pred_IAA",699.23500734624,76.2191538863107
"pred_IAA",1123.30949902762,102.931465194564
"pred_IAA",985.294271925852,91.169939004365
"pred_IAA",665.127165931745,67.2342377456697
"pred_IAA",1207.6031216297,93.4730767199439
"pred_IAA",317.780846594526,32.5467934024152
"pred_IAA",266.999701566639,28.4304851345828
"pred_IAA",72.5267884850806,12.4350184643762
"pred_IAA",5007.47538132905,519.343890893581
"pred_IAA",704.620997367421,97.2394330409547
"pred_IAA",381.940696051548,56.1451944770559
"pred_IAA",292.633075572108,43.4335795583584
"pred_IAA",1036.45876128557,134.344882200757
"pred_IAA",447.631866271731,66.7998506075609
"pred_IAA",1720.49771093649,183.976592008842
"pred_IAA",2088.18586939581,216.624711246351
"pred_IAA",2300.96510499518,252.497531501313
"pred_IAA",2914.66029749562,321.150785579854
"pred_IAA",5170.70041081839,461.690811890397
"pred_IAA",1308.13720749389,140.980016942685
"pred_IAA",269.364979601555,41.0279784665855
"pred_IAA",386.013279063468,46.8306952266161
"pred_IAA",511.983471767973,63.4280562457319
"pred_IAA",228.522771020949,34.9545017500468
"pred_IAA",653.149366270802,84.4201731821065
"pred_IAA",4260.12293819587,330.718438301063
"pred_IAA",927.856995214718,79.5219830554249
"pred_IAA",330.755367358863,30.1940465353448
"pred_IAA",147.313588738792,16.4304003310397
"pred_IAA",131.28051184378,14.8478638606002
"pred_IAA",239.522070331182,23.4078186645527
"pred_IAA",537.202204491489,44.5292329012581
"pred_IAA",330.62978414518,33.2979717938102
"pred_IAA",271.315834089587,29.9171457444121
"pred_IAA",562.936122732898,50.7643301417178
"pred_IAA",325.755280602442,32.9587333864925
"pred_IAA",452.681659560316,38.7455043752581
"pred_IAA",289.173014709509,25.9192814538223
"pred_IAA",315.367280643082,26.5040025216443
"pred_IAA",125.539392317248,14.3707858779141
"pred_IAA",167.407357150801,18.5269629363621
"pred_IAA",250.789694164196,26.5738684350051
"pred_IAA",998.097677114363,77.9138036272353
"pred_IAA",830.92883388367,68.5352841450768
"pred_IAA",372.814266331867,39.2278777112934
"pred_IAA",607.241052570026,52.5412285287611
"pred_IAA",521.335630712541,46.2400570844642
"pred_IAA",339.868851013758,33.2294094096664
"pred_IAA",591.508209319368,44.1404337216048
"pred_IAA",149.040839024744,15.2259522031448
"pred_IAA",131.042957430343,14.2852490095596
"pred_IAA",36.5250855991361,6.39143246254861
"pred_IAA",7804.61594334944,1072.56339662083
"pred_IAA",4543.20974487254,519.735000962472
"pred_IAA",506.811884411171,81.9901158978653
"pred_IAA",342.240332355509,63.1272633233864
"pred_IAA",282.495605251785,48.7463699903165
"pred_IAA",917.146015768598,152.931626310301
"pred_IAA",412.039078874168,72.1097541513971
"pred_IAA",1780.73708399356,237.876099989155
"pred_IAA",2485.31306105623,320.562038358174
"pred_IAA",2697.49237538423,348.986547566289
"pred_IAA",2864.88845869844,364.500475603408
"pred_IAA",4020.49465107493,434.605569448497
"pred_IAA",947.714464001142,129.623976964317
"pred_IAA",204.580060136107,37.0895098223644
"pred_IAA",314.977432986609,47.71160474944
"pred_IAA",517.336234120329,82.7909361029381
"pred_IAA",259.807918020904,44.8046552558388
"pred_IAA",616.575365822584,87.5529897536858
"pred_IAA",3662.90439306654,348.677740648312
"pred_IAA",903.936523828736,91.3727946733701
"pred_IAA",386.12581381588,42.0423085291188
"pred_IAA",175.850317368013,22.3744656006775
"pred_IAA",169.140755417147,22.4533154800421
"pred_IAA",335.350882998943,37.819509293891
"pred_IAA",685.893862223173,69.7585668254329
"pred_IAA",405.109079877379,49.1363986233098
"pred_IAA",325.680835502252,41.6903626611555
"pred_IAA",667.345954567766,74.763830195042
"pred_IAA",376.020150160406,44.4841246641283
"pred_IAA",547.967012127961,58.5744604671674
"pred_IAA",383.758403129652,40.500523023913
"pred_IAA",415.911590949924,42.3467071235976
"pred_IAA",172.156641610591,22.5383334124567
"pred_IAA",245.698054287198,30.5275226955325
"pred_IAA",380.578910695397,44.3586749616029
"pred_IAA",1547.05074053805,139.99962829884
"pred_IAA",1309.47739961019,123.665167653714
"pred_IAA",598.47209680242,68.4199307130592
"pred_IAA",968.8061244136,94.438992944662
"pred_IAA",805.585876569927,80.9043790366747
"pred_IAA",502.970290670397,55.3226794756502
"pred_IAA",834.675745172539,76.9139570611754
"pred_IAA",211.567760584767,25.0592437349999
"pred_IAA",193.302484301174,24.4103910343768
"pred_IAA",2414.91711946123,335.198160513649
"pred_IAA",797.845969246076,106.26162979847
"pred_IAA",89.0424593602137,17.7393878084565
"pred_IAA",93.2846821912713,18.8441384988739
"pred_IAA",62.3241697933947,12.9122506605398
"pred_IAA",202.233244134975,40.1405454735802
"pred_IAA",98.3566579216185,18.8482116381611
"pred_IAA",503.553816075034,74.5662800413896
"pred_IAA",808.664528094325,111.326661544038
"pred_IAA",758.938515048198,106.13239299153
"pred_IAA",638.434096807259,88.2230316781769
"pred_IAA",678.890120945421,88.1374289294388
"pred_IAA",174.452164117945,30.1723880377554
"pred_IAA",38.556477964276,7.82582749725081
"pred_IAA",67.2083160425756,12.4240023693244
"pred_IAA",152.879702193476,27.2858231371596
"pred_IAA",74.3977777653386,13.3654639077151
"pred_IAA",124.914935364254,18.36857606245
"pred_IAA",817.814804944628,77.7508885705813
"pred_IAA",239.242111145654,24.678985194461
"pred_IAA",127.623211254645,14.489075041818
"pred_IAA",50.6404582193347,7.19466066320718
"pred_IAA",63.5355616248802,8.48916213231522
"pred_IAA",119.606253547742,13.516368844403
"pred_IAA",212.285462511556,23.962991549401
"pred_IAA",129.720278215256,17.1059232461186
"pred_IAA",97.3369336958113,13.8090151342488
"pred_IAA",205.858106155422,25.638436952894
"pred_IAA",107.155246947799,14.4008219857826
"pred_IAA",183.267819142439,21.4273538507876
"pred_IAA",135.269757904921,15.4094227075233
"pred_IAA",138.672465132971,16.1504337144664
"pred_IAA",64.9614589256128,8.96182725829623
"pred_IAA",95.9381252329401,12.151281408922
"pred_IAA",154.474091271158,17.9727244273411
"pred_IAA",634.603248153308,56.3430386095588
"pred_IAA",550.473551175003,49.5718772244766
"pred_IAA",255.848817392457,27.9301272951036
"pred_IAA",403.490008281595,37.3440941340337
"pred_IAA",321.555072572276,31.3858840029039
"pred_IAA",190.67936410116,20.9385416126886
"pred_IAA",300.124450546531,29.5394060457492
"pred_IAA",80.4019208607203,9.94128557462183
"pred_IAA",75.8033021303106,10.0438281019058
"pred_IAA",4267.17009391337,871.35962068374
"pred_IAA",1849.47719191238,302.084448866577
"pred_IAA",460.432145235338,81.3357249772501
"pred_IAA",64.0184518551537,15.7532954117778
"pred_IAA",75.1563329720466,17.5910018051446
"pred_IAA",45.1626281020675,11.2234109631549
"pred_IAA",152.435292286193,35.592371200971
"pred_IAA",83.9561962997167,18.4992527965272
"pred_IAA",501.829110006246,91.1888712467691
"pred_IAA",803.856432565802,136.564780520946
"pred_IAA",624.348716826867,106.296825511328
"pred_IAA",406.88672418695,68.4916485768261
"pred_IAA",393.235017024795,69.0247003359938
"pred_IAA",106.754473529984,23.3380689258851
"pred_IAA",25.4026742006576,6.05223071673426
"pred_IAA",55.4468062173801,12.6424578901505
"pred_IAA",146.111820739501,30.6806277699018
"pred_IAA",58.8736717249468,11.8476120091065
"pred_IAA",87.2843592644494,14.9700179682199
"pred_IAA",653.149765979822,83.3185410422359
"pred_IAA",232.47762299936,31.2301905198605
"pred_IAA",129.360173049149,18.4767133411733
"pred_IAA",54.7207995439972,9.32152706648627
"pred_IAA",76.4049792635228,12.0278500875677
"pred_IAA",130.558767399979,18.587633223369
"pred_IAA",219.565013659977,32.1610687961088
"pred_IAA",131.844438838887,21.1357118214747
"pred_IAA",97.1006481932897,16.3851714946962
"pred_IAA",200.526084521902,30.2106980517824
"pred_IAA",108.68604126587,17.2183573297769
"pred_IAA",206.736322477854,28.4222159066948
"pred_IAA",152.356151851977,20.7840663104495
"pred_IAA",161.601022658721,22.8108601911087
"pred_IAA",81.9237432424272,12.7897491969522
"pred_IAA",125.482949003027,18.0274625741714
"pred_IAA",207.087196793581,27.5958443243386
"pred_IAA",865.792163759655,95.4344958933316
"pred_IAA",766.688068133678,86.5551651300596
"pred_IAA",354.68628121328,45.9846875241345
"pred_IAA",540.500087674023,63.666057984306
"pred_IAA",410.961440992659,50.1809945376611
"pred_IAA",231.29670020335,30.8090206129361
"pred_IAA",364.497796083802,45.877582807631
"pred_IAA",101.974951062493,15.2073444398483
"pred_IAA",650.74857582634,158.134055271073
"pred_IAA",160.076590709352,35.6137037600336
"pred_IAA",39.869296370225,9.98402780400304
"pred_IAA",8.6001671669476,2.50682166237535
"pred_IAA",8.17208671189455,2.37357757756038
"pred_IAA",4.90812765301399,1.47475950978271
"pred_IAA",17.9338470593169,4.99611076229887
"pred_IAA",11.7009580146701,3.09023059673905
"pred_IAA",80.4758772417956,18.4710825210596
"pred_IAA",111.4672885477,24.5693787150213
"pred_IAA",68.5737906324408,15.0850736467303
"pred_IAA",33.8622723616409,7.58118249163786
"pred_IAA",35.6757913145815,8.75749040545646
"pred_IAA",9.91614148537297,2.69109934487058
"pred_IAA",2.67144102529227,0.779889457100307
"pred_IAA",8.07562315036456,2.22099966062809
"pred_IAA",20.6212748933494,5.19851286779227
"pred_IAA",5.87857276744407,1.40729466446768
"pred_IAA",9.60480145099049,2.0453217980898
"pred_IAA",85.1991074952276,15.4186027474812
"pred_IAA",37.8708075606381,7.09856735856658
"pred_IAA",18.3602096654391,3.68501285175973
"pred_IAA",10.1307971589979,2.16307568939847
"pred_IAA",13.4307007686226,2.72872464463263
"pred_IAA",19.9155340686206,3.90824237449765
"pred_IAA",34.6514658734405,6.93601055325194
"pred_IAA",19.4209223473507,4.12711438542002
"pred_IAA",14.7625590623333,3.2067857251935
"pred_IAA",28.1640933438997,5.78294789244885
"pred_IAA",17.9154675215878,3.71627886055988
"pred_IAA",35.915521696301,6.86946244424444
"pred_IAA",25.0363944473469,4.81123580401653
"pred_IAA",30.0537501006773,5.79107431380547
"pred_IAA",15.7660128498084,3.15826690767779
"pred_IAA",25.1025722144446,4.7435228724995
"pred_IAA",41.8671655989305,7.58175605752394
"pred_IAA",179.380272201142,29.3882361340959
"pred_IAA",161.540264583782,26.9264265462197
"pred_IAA",72.8052802825156,12.8968516156122
"pred_IAA",106.331482347326,17.9696858238131
"pred_IAA",76.7865253081854,13.0740645568406
"pred_IAA",40.9897811526519,7.29737881962631
"pred_IAA",68.2707101303717,11.7617885589796
"pred_IAA",19.709099086751,3.8440004314282
"pred_IAA",1685.26735658075,275.932164747176
"pred_IAA",1413.93542978296,204.631292746362
"pred_IAA",891.697573231281,125.649730803954
"pred_IAA",561.886349087014,83.9988209555144
"pred_IAA",380.022019746816,60.6613741689727
"pred_IAA",245.499968994349,43.3180867323781
"pred_IAA",159.413259915896,31.1222580716474
"pred_IAA",112.429454197954,23.2282219840834
"pred_IAA",83.1867790581294,17.6660460225631
"pred_IAA",94.8231087079149,17.0643348402873
"pred_IAA",109.168973646737,19.0083697765031
"pred_IAA",92.5989128561258,16.1915523485319
"pred_IAA",65.2659233075358,11.7080869472598
"pred_IAA",51.0030020837528,9.55414062193868
"pred_IAA",34.5881749976327,6.96533816166919
"pred_IAA",23.3694782154011,5.03710935494596
"pred_IAA",19.6947207534044,4.17937264716539
"pred_IAA",21.6197893029536,4.33409985353556
"pred_IAA",15.5632197386406,3.17320583655883
"pred_IAA",13.6102642673156,2.62425413283537
"pred_IAA",43.808266999801,7.13686953936832
"pred_IAA",48.2698970498167,7.7142768795208
"pred_IAA",41.9565466144151,6.71073599200926
"pred_IAA",36.3291320279976,5.78711990493484
"pred_IAA",32.8645011889189,5.15303267351035
"pred_IAA",32.0310735997555,4.94793832493463
"pred_IAA",38.1050251712531,6.01058489356279
"pred_IAA",35.0723369299014,5.67648767167645
"pred_IAA",31.041384223311,5.07649727565502
"pred_IAA",33.5345430247948,5.49767876887949
"pred_IAA",32.6126815567835,5.32451779788919
"pred_IAA",40.7180466039198,6.45078314789304
"pred_IAA",41.2757702906668,6.50103322355351
"pred_IAA",45.8594978288729,7.17154289589972
"pred_IAA",42.8647134047161,6.64919404145766
"pred_IAA",45.8151190200834,6.89510814292359
"pred_IAA",56.9328575624233,8.21222851306185
"pred_IAA",137.63676942258,18.8687104083992
"pred_IAA",191.993381005393,25.9346117585239
"pred_IAA",185.995994691194,24.8782624529716
"pred_IAA",195.287875672678,25.8835828233005
"pred_IAA",184.054746637061,24.3516150526277
"pred_IAA",156.645601093205,20.9201399518142
"pred_IAA",152.005556282862,21.3608791583239
"pred_IAA",548.652619170919,104.583124894478
"pred_IAA",421.929366444312,73.6813328735204
"pred_IAA",266.107797106489,46.9638040424529
"pred_IAA",179.395105151154,32.9940270509376
"pred_IAA",117.449865465603,22.9879361982982
"pred_IAA",75.8681911871554,16.060377129481
"pred_IAA",49.8688293125017,11.3740027682886
"pred_IAA",36.0991454763628,8.53315921348033
"pred_IAA",27.292294726335,6.54110715286338
"pred_IAA",30.4223549940269,6.40392549993769
"pred_IAA",33.7919947138848,6.88997717950894
"pred_IAA",27.4660975324713,5.65922478140308
"pred_IAA",19.6173096204853,4.16977423550749
"pred_IAA",15.3858760835088,3.38502897400575
"pred_IAA",10.6351111223147,2.4767195737595
"pred_IAA",7.55452139262888,1.83484049680349
"pred_IAA",6.3358703348461,1.51759284701218
"pred_IAA",6.59484196420483,1.5074824199731
"pred_IAA",4.81881521995034,1.11934708965919
"pred_IAA",4.32577562560953,0.957917282258857
"pred_IAA",14.4075226462539,2.76885452753148
"pred_IAA",15.5420751142484,2.94973167110032
"pred_IAA",14.0726472463169,2.6663839289783
"pred_IAA",12.0884278986415,2.28289110329241
"pred_IAA",10.6997347320665,1.99937540270184
"pred_IAA",10.4830715792567,1.93737722103543
"pred_IAA",12.3394219463823,2.31613209502289
"pred_IAA",11.4126974821605,2.18564129830781
"pred_IAA",9.97869793904412,1.93408078453512
"pred_IAA",11.0487831505002,2.14399019550545
"pred_IAA",10.8321699958725,2.09580550531348
"pred_IAA",13.4091913217191,2.53700246170752
"pred_IAA",13.8539334786596,2.60333178163406
"pred_IAA",15.4735997337295,2.88096102673934
"pred_IAA",14.5494998545551,2.68644426801195
"pred_IAA",15.5762217371009,2.80662769650683
"pred_IAA",19.4290764585546,3.38573929533495
"pred_IAA",47.0918865234383,7.87152821146092
"pred_IAA",65.426538382155,10.7792716294432
"pred_IAA",62.9701114241286,10.2740819759202
"pred_IAA",65.594161149106,10.5983269564763
"pred_IAA",61.3203162848681,9.89888873285036
"pred_IAA",52.6344859292557,8.58724943780536
"pred_IAA",51.322482937272,8.71832836739954
"log_index_resid",0.41769822037168,0.0702945498732371
"log_index_resid",0.291710701590718,0.0686529000988788
"log_index_resid",-0.0614469476876831,0.0702738557694987
"log_index_resid",-0.151184546337108,0.0674769710545787
"log_index_resid",-0.0429112589802632,0.0685038557187918
"log_index_resid",0.470933053892532,0.0656252314295112
"log_index_resid",-0.888921175785827,0.0619133105356815
"log_index_resid",-0.00817719556748031,0.0641131966169632
"log_index_resid",0.303019841675772,0.0646489995550596
"log_index_resid",0.189285924955056,0.0607592043261659
"log_index_resid",0.0232569969815586,0.0619641973306493
"log_index_resid",-0.360948398204494,0.0682280928228463
"log_index_resid",0.107433580443637,0.0681123665390382
"log_index_resid",0.353567276962565,0.0638481593467672
"log_index_resid",-0.6699001553177,0.0740321489533859
"log_index_resid",-0.963805246699257,0.0757012719177146
"log_index_resid",-0.362351244425078,0.0641531467290505
"log_index_resid",0.233489689801695,0.0609565413644922
"log_index_resid",0.347754146903281,0.063153494212747
"log_index_resid",0.238817293917259,0.0627801032419594
"log_index_resid",0.0242068430418891,0.0635860991627309
"log_index_resid",-0.949049368611194,0.0611425841058272
"log_index_resid",0.164028967443601,0.0591732986769032
"log_index_resid",0.419635539192688,0.057722975150301
"log_index_resid",0.479446708775482,0.0593155893628942
"log_index_resid",0.695354443071206,0.0582313011625854
"log_index_resid",0.533170373185824,0.0587119648686211
"log_index_resid",0.426805296410565,0.0579492759014615
"log_index_resid",-0.008316019970243,0.0569248104816947
"log_index_resid",0.312831098153405,0.0578646334836259
"log_index_resid",-0.789670244968287,0.0613028587317851
"log_index_resid",-0.265017005742516,0.0659329775140826
"log_index_resid",-0.183751333929147,0.0679883140973672
"log_index_resid",0.155340455403925,0.0625969815129559
"log_index_resid",-0.50450117624516,0.0611872753246377
"log_index_resid",-0.668525579365478,0.062172501209469
"log_index_resid",-0.178259821350863,0.0595298390805593
"log_index_resid",0.282196632387059,0.0562698220097899
"log_index_resid",0.171733258469644,0.054506296836087
"log_index_resid",0.198197279650643,0.0509858752453358
"log_index_resid",0.330908155550828,0.0551021555920803
"log_index_resid",0.370223056482397,0.0643423636579818
"log_index_resid",-0.376243874022463,0.0816490510969701
"log_index_resid",-0.110764376599144,0.0968463522621096
"log_index_resid",0.243524908460968,0.0716060254460881
"log_index_resid",0.386386756547152,0.0726919007483311
"log_index_resid",-0.249542673068756,0.0664060509153437
"log_index_resid",0.588216936642958,0.0687684564794249
"log_index_resid",-0.347892978606655,0.0662763080785722
"log_index_resid",-0.188779204319786,0.0620869410849561
"log_index_resid",-0.3280869203628,0.062396168379965
"log_index_resid",-0.714323926405227,0.0644582406815141
"log_index_resid",0.0544846826883614,0.0596246789492224
"log_index_resid",0.255508485422462,0.0634843498595934
"log_index_resid",0.674903338989395,0.0697786774301273
"log_index_resid",0.265831998330873,0.0682030369336864
"log_index_resid",-1.06173885644246,0.0652802893483914
"log_index_resid",0.0504543176863121,0.0686620121591545
"log_index_resid",0.00424519481774421,0.0816648170089567
"log_index_resid",-0.860061095271693,0.0641578501772803
"log_index_resid",-0.534919856016362,0.0637021526310583
"log_index_resid",-0.433989620536986,0.0638927639599094
"log_index_resid",-0.111613674734985,0.0606801908860151
"log_index_resid",-0.635537383496497,0.0603788689217033
"log_index_resid",-0.496955270387257,0.0614072681905228
"log_index_resid",0.308400619915076,0.0583319146683018
"log_index_resid",-0.246229542758642,0.0569240751666255
"log_index_resid",-0.530922396193,0.0588882501856386
"log_index_resid",0.555126739294524,0.056687635151445
"log_index_resid",0.305125978052842,0.0589725482679429
"log_index_resid",0.0215296434215277,0.0568134830806308
"log_index_resid",0.179363763278347,0.0582879697485365
"log_index_resid",-0.12076021294764,0.0555172407607239
"log_index_resid",1.00069983453763,0.0586336009949005
"log_index_resid",0.729426922815493,0.0624686250501348
"log_index_resid",-1.02815520044298,0.0687332674143755
"log_index_resid",0.629413802880267,0.0617111095885476
"log_index_resid",0.41488889314178,0.0585599110796363
"log_index_resid",-0.341033374349165,0.0608575625750683
"log_index_resid",0.381500501483028,0.0611139558225541
"log_index_resid",-0.225032532415239,0.0579149879860169
"log_index_resid",1.87558887055624,0.0553225890842407
"log_index_resid",0.0514705977350109,0.0507163145327194
"log_index_resid",1.06842697978593,0.0522550021460652
"log_index_resid",0.222653669405736,0.0569700111405263
"log_index_resid",-0.654920084886599,0.0712609177060949
"log_index_resid",-1.33521266705307,0.0894987442832377
"log_index_resid",0.173369800607595,0.120146753588492
"log_catch_resid",0.00889980478500974,0.0979160227848219
"log_catch_resid",0.0931758731676489,0.0865413184281771
"log_catch_resid",-0.0624297967292673,0.0908733456230694
"log_catch_resid",-0.0739001382907265,0.0996471783814983
"log_catch_resid",-0.125047474382809,0.0954596418532871
"log_catch_resid",0.00717243038248405,0.0942703887190257
"log_catch_resid",0.0762448464822114,0.0910971343683204
"log_catch_resid",0.0271990191283518,0.0941337508862875
"log_catch_resid",0.00415978109603543,0.0971842504165355
"log_catch_resid",-0.00920349633224404,0.0948520985272086
"log_catch_resid",0.00363967300903312,0.0894834494969439
"log_catch_resid",-0.039873516130843,0.0887780750967485
"log_catch_resid",0.0221691033070943,0.0914392343474052
"log_catch_resid",0.183123565966079,0.0879791878057678
"log_catch_resid",0.0621317765271128,0.0893066373748903
"log_catch_resid",0.0483037617824653,0.0957369324825047
"log_catch_resid",0.198117986583783,0.0906661089024975
"log_catch_resid",0.21099914801062,0.0821680198244888
"log_catch_resid",0.104282375643637,0.0891190906669511
"log_catch_resid",0.12419723807212,0.090837964733603
"log_catch_resid",0.0858843581602908,0.0942055614535394
"log_catch_resid",0.160852299085574,0.090184222111913
"log_catch_resid",0.0241369542122953,0.0976869632774534
"log_catch_resid",-0.00938150155949735,0.0975748263719504
"log_catch_resid",-0.000295068136351162,0.0946006879181035
"log_catch_resid",-0.0944122038711876,0.100197683519701
"log_catch_resid",-0.184100944479885,0.101627081607252
"log_catch_resid",-0.136111819905346,0.101418960579843
"log_catch_resid",-0.207518081570357,0.101237184381379
"log_catch_resid",-0.0355101726387899,0.0990830521449803
"log_catch_resid",-0.051687860014237,0.0995371559810741
"log_catch_resid",-0.00316225947935056,0.0967826493259357
"log_catch_resid",0.025675378923891,0.0977760622810372
"log_catch_resid",-0.0136842682285527,0.0998258697940514
"log_catch_resid",-0.0114501448765454,0.0998128698984627
"log_catch_resid",0.0139036346365984,0.0985927896628484
"log_catch_resid",0.0192501744440179,0.0985813139844231
"log_catch_resid",0.00659883589611976,0.0992944160937452
"log_catch_resid",-0.0441777945876227,0.10173516614902
"log_catch_resid",-0.0638990308523626,0.102400724257098
"log_catch_resid",-0.122993185157267,0.104277709900256
"log_catch_resid",-0.145334997247697,0.104300283397441
"log_catch_resid",-0.0720565482602034,0.10247546104443
"log_catch_resid",-0.00171363026931548,0.0995695469579756
"Ecov_x",0,0
"Ecov_resid",1,0
"Ecov_obs_sigma",0,0
